Id,STseg,SegId,Study,Session,SL,TL,Task,Text,Part,Nedit,Dur,FDur,PreGap,TG300,TD300,TB300,TG500,TD500,TB500,TG1000,TD1000,TB1000,TG2000,TD2000,TB2000,TG5000,TD5000,TB5000,Scatter,FixS,TrtS,FixT,TrtT,ParalFixS,ParalS,ParalFixT,ParalT,Ins,Del,MIns,MDel,AIns,ADel,SIns,SDel,TokS,LenS,TokT,LenT,LenMT,Yawat,String,HTra,HSeg,Hcross,SynSimS,SynSimT,SynSim
1,1,16,CREATIVE,P01_P3,en,zh,P,3,P01,4,298665,298665,293949,4445,271,2,4445,271,2,4445,271,2,3296,1420,1,0,4716,0,3,0,0,0,0,0,0,0,0,4,28,4,28,0,0,0,0,2,11,1,2,0,---,上校,0.39,0.39,0,1,2,1.5
2,2,17,CREATIVE,P01_P3,en,zh,P,3,P01,5,282125,73134,36320,243281,2524,17,242571,3234,15,239034,6771,9,235349,10456,6,229729,16076,4,5,0,0,0,0,0,0,0,0,31,72,31,72,0,0,0,0,15,77,13,23,0,---,旗帜_升起_时_，_叛乱分子_已经_从_东部_向_境内_推进_了_。,1.97,1.19,0,4.67,6.15,5.41
3,3,18,CREATIVE,P01_P3,en,zh,P,3,P01,4,429463,429463,125047,303416,1000,13,303051,1365,12,301257,3159,9,298868,5548,7,289858,14558,4,12,0,0,0,0,0,0,0,0,65,37,65,37,0,0,0,0,39,208,36,57,0,---,当_上校_回到_这场_游戏_中_，_处理_情报_，_找到_有利_位置_，_从_床上_抓起_最近_的_网络_专家_，_把_她_扔_到_桌子_前_—_这时_他们_已经_包围_了_基地_。,2.2,1.42,0,6.82,2.89,4.85
4,4,19,CREATIVE,P01_P3,en,zh,P,3,P01,3,297681,297681,51133,244982,1566,21,244268,2280,19,240198,6350,13,234126,12422,8,224406,22142,5,11,0,0,0,0,0,0,0,0,49,43,49,43,0,0,0,0,18,103,23,35,0,---,雨林_阻挡_了_他们_基本_的_视野_，_但_上校_带_着_设备_的_眼睛_却_能_很_好_地_看透_红外线_。,2.43,1.66,0,4,2.35,3.17
5,5,20,CREATIVE,P01_P3,en,zh,P,3,P01,3,397010,194008,110457,286266,287,15,285045,1508,12,283500,3053,10,277282,9271,6,265660,20893,3,10,0,0,0,0,0,0,0,0,48,22,48,22,0,0,0,0,18,101,18,29,0,---,从_地球_的_另一端_，_他_透过_无尽_的_苍穹_追踪_着_每_一道_模糊_的_热痕_。,2.33,1.31,0,3.94,3.39,3.67
6,6,21,CREATIVE,P01_P3,en,zh,P,3,P01,3,322181,322181,190394,130802,985,29,129686,2101,26,127387,4400,23,118481,13306,16,91554,40233,7,15,0,0,0,0,0,0,0,0,95,86,95,86,0,0,0,0,29,139,22,48,0,---,厄瓜多尔_野生动物_被_毁灭_的_少数_好处_之一_：_这_几天_，_这名_游击队员_几乎_不太可能_地被_误判_成是_一只_美洲虎_。,2.29,1.32,0,3.93,5.05,4.49
7,7,22,CREATIVE,P01_P3,en,zh,P,3,P01,3,406150,406150,104569,298581,3000,21,297362,4219,18,295554,6027,15,294312,7269,14,274238,27343,8,14,0,0,0,0,0,0,0,0,54,65,54,65,0,0,0,0,17,86,21,32,0,---,“_我查_清楚_了_是_十三个_，_”_中尉_说_着_，_数_了_数_显示屏_上_伪装_颜色_斑点_。,1.98,0.83,0,2.53,2,2.26
8,8,23,CREATIVE,P01_P3,en,zh,P,3,P01,2,240591,27323,2876,237453,262,8,237004,711,7,235644,2071,5,234483,3232,4,227948,9767,2,5,0,0,0,0,0,0,0,0,21,5,21,5,0,0,0,0,15,59,10,17,0,---,在_光秃秃_中央_的_是_一堆_坦克_和_高塔_。,2.91,1.8,0,3.4,5.4,4.4
9,9,24,CREATIVE,P01_P3,en,zh,P,3,P01,3,799971,284061,25736,771736,2499,39,769504,4731,33,766858,7377,29,757004,17231,22,740896,33339,16,12,0,0,0,0,0,0,0,0,75,129,75,129,0,0,0,0,26,137,23,38,0,---,一条_巨大_的_脐带_、_沿其_长度_成_对_分布_在_隆起_的_表面_、_从_泵站_的_中心_缓缓_垂进_地平线_。,2.44,1.27,0,3.15,3.43,3.29
10,10,25,CREATIVE,P01_P3,en,zh,P,3,P01,2,713544,191216,529849,183409,286,13,182917,778,12,182917,778,12,177207,6488,8,164479,19216,4,6,0,0,0,0,0,0,0,0,21,24,21,24,0,0,0,0,29,170,33,55,0,---,往西_八公里_，_再_直行_二十多公里_，_一个_高空_气球_在_航线_的_尽头_翻滚_着_，_就_像_一只_肿胀_的_大_蜱_虫_，_把_硫化物_喷射_到_同温层_中_。,2.47,1.38,0,2.86,2.82,2.84
11,11,26,CREATIVE,P01_P3,en,zh,P,3,P01,2,512817,512817,102165,409685,967,28,407234,3418,22,405742,4910,20,396282,14370,13,385715,24937,10,17,0,0,0,0,0,0,0,0,78,77,78,77,0,0,0,0,33,161,28,53,0,---,当然_，_基地_周围_有道_围墙_，_老式_的_铁丝网_与_利刃_形_铁丝网_相连_，_与其说是_一道_屏障_，_不如说是_对_纯真_年代_的_怀旧_提示_。,2.64,1.47,0,2.91,3.29,3.1
1,1,1,CREATIVE,P01_T1,en,zh,T,1,P01,1,38488,38488,1,38486,1,1,38486,1,1,38486,1,1,38486,1,1,38486,1,1,1,0,0,0,0,0,0,0,0,3,0,3,0,0,0,0,0,1,13,1,2,0,---,廉洁,3.55,1.31,0,1,1,1
2,2,2,CREATIVE,P01_T1,en,zh,T,1,P01,3,7804388,327126,7608735,194518,1135,9,194089,1564,8,192162,3491,5,190717,4936,4,188428,7225,3,6,0,0,0,0,0,0,0,0,64,34,64,34,0,0,0,0,15,99,17,30,0,---,“_专制主义_可能_是_我们_所_看到_的_政治_结构_的_唯一_组织_选择_形式_。_”,1.92,1.1,0,4.27,3.24,3.75
3,3,3,CREATIVE,P01_T1,en,zh,T,1,P01,5,578702,163606,572117,6175,410,3,6175,410,3,5357,1228,2,3827,2758,1,0,6585,0,5,0,0,0,0,0,0,0,0,19,6,19,6,0,0,0,0,4,22,5,13,0,---,"-_詹姆斯_布坎南_,_1975",1.98,1.28,0,1.75,1,1.38
4,4,4,CREATIVE,P01_T1,en,zh,T,1,P01,7,1169171,640627,812117,348304,8750,63,341462,15592,46,323178,33876,22,316901,40153,18,297569,59485,11,18,0,0,0,0,0,0,0,0,137,104,137,104,0,0,0,0,25,133,19,33,0,---,机场_警察_竟然_没有_来_要挟_她_，_玛莉卡_吕_德曼_意识_到_明显_有些_不太_正常_了_。,2.43,1.35,0,4.28,5.32,4.8
5,5,5,CREATIVE,P01_T1,en,zh,T,1,P01,3,300241,300241,75342,217494,7405,37,213476,11423,26,203959,20940,12,199786,25113,9,187231,37668,5,5,0,0,0,0,0,0,0,0,88,67,88,67,0,0,0,0,12,67,11,21,0,---,那_不是_太平洋_上空_不时_袭来_的_那种_恍惚_感觉_。,2.12,1.25,0,3.08,3.55,3.31
6,6,6,CREATIVE,P01_T1,en,zh,T,1,P01,8,999235,781346,308100,677967,13168,95,668463,22672,70,647145,43990,41,635049,56086,32,595882,95253,20,24,0,0,0,0,0,0,0,0,158,154,158,154,0,0,0,0,49,269,50,83,0,---,不是_因为_飞机_降落_过程_中_机组人员_奇怪_的_失踪_，_也_不是_因为_她_能_看_完_《_与_安德烈_共_进晚餐_》_整个_令人_心跳_加速_的_高潮_部分_，_却_没有_被_录音_所_打断_，_提醒_她_注意_竖起_桌板_，_这种_反常_的_情况_。,2.92,1.81,0,8.2,7.8,8
7,7,7,CREATIVE,P01_T1,en,zh,T,1,P01,4,616381,616381,117484,491855,7042,50,487767,11130,39,474481,24416,21,465685,33212,15,445032,53865,8,10,0,0,0,0,0,0,0,0,82,87,82,87,0,0,0,0,41,226,31,53,0,---,甚至_不是_透过_窗户_看到_的_着陆时_那种_陌生感_:_一排_前灯_在_地面_上_闪烁_，_小汽车_排列_得_像_列_小_火车_，_有序_地_交织_在_一起_。,2.77,1.44,0,2.78,4.32,3.55
8,8,8,CREATIVE,P01_T1,en,zh,T,1,P01,3,276853,276853,3,274621,2229,18,273495,3355,15,268090,8760,7,266510,10340,6,263216,13634,5,7,0,0,0,0,0,0,0,0,60,26,60,26,0,0,0,0,23,123,20,34,0,---,面向_东方_那座_摩天大楼_的_正面_在_黑暗_中闪_着_微光_，_就_像_在_被_一群_甲虫_吞噬_。,2.63,1.27,0,2.78,3.6,3.19
9,9,9,CREATIVE,P01_T1,en,zh,T,1,P01,2,514672,192254,15844,492771,6057,32,489462,9366,23,483627,15201,15,475991,22837,10,459322,39506,6,9,0,0,0,0,0,0,0,0,108,74,108,74,0,0,0,0,23,124,22,34,0,---,尽头_的_街灯_，_香之良品_招牌_上_的_霓虹_管_:_不知_怎么_的_比_一周_前_更_白_更亮_了_。,2.4,1.26,0,3.61,3.27,3.44
10,10,10,CREATIVE,P01_T1,en,zh,T,1,P01,3,167241,167241,94210,70456,2575,18,68458,4573,12,63848,9183,5,60294,12737,3,56098,16933,2,6,0,0,0,0,0,0,0,0,47,27,47,27,0,0,0,0,8,50,11,20,0,---,这_只是_不同_的_着陆_角度_，_玛莉卡_隐约_想到_。,2.49,1.36,0,2,1.18,1.59
11,11,11,CREATIVE,P01_T1,en,zh,T,1,P01,2,75023,75023,54576,19360,1087,6,19005,1442,5,18115,2332,4,18115,2332,4,8893,11554,1,3,0,0,0,0,0,0,0,0,17,10,17,10,0,0,0,0,5,20,4,7,0,---,光线_的_作用_。,2.1,1.07,0,1.8,2.75,2.27
12,12,12,CREATIVE,P01_T1,en,zh,T,1,P01,0,0,0,0,0,0,0,0,0,0,0,0,0,0,0,0,0,0,0,0,0,0,0,0,0,0,0,0,0,0,0,0,0,0,0,0,4,25,4,8,0,---,街头_艺术_装置_。,1.39,0.97,0,1,1,1
13,13,13,CREATIVE,P01_T1,en,zh,T,1,P01,2,278147,278147,56275,217934,3938,33,215387,6485,26,208642,13230,17,200389,21483,11,190160,31712,7,16,0,0,0,0,0,0,0,0,104,62,104,62,0,0,0,0,29,138,23,42,0,---,甚至_当_ANA008_号_班机_冲_到_地上_，_颠簸_着_在_跑道_的_尽头_停_了_下来_，_玛莉卡_还是_不屑一顾_。,2.71,1.45,0,3.32,3.96,3.64
14,14,14,CREATIVE,P01_T1,en,zh,T,1,P01,4,186908,186908,131036,52533,3339,19,51472,4400,16,44249,11623,6,43022,12850,5,37042,18830,3,7,0,0,0,0,0,0,0,0,38,37,38,37,0,0,0,0,8,44,10,16,0,---,可能_有_其他_飞机_到_了_登机_时间_了_。,2.35,1.32,0,3,2.2,2.6
15,15,15,CREATIVE,P01_T1,en,zh,T,1,P01,3,28867,28867,8452,17318,3097,11,15751,4664,7,12260,8155,2,12260,8155,2,8542,11873,1,5,0,0,0,0,0,0,0,0,36,28,36,28,0,0,0,0,9,40,9,14,0,---,你_会_想到_就_会_听到_广播_通知_。,2.83,1.84,0,1.33,1.33,1.33
1,1,1,CREATIVE,P02_P1,en,zh,P,1,P02,1,5283,5283,1,4474,808,2,4474,808,2,4474,808,2,4474,808,2,0,5282,0,1,0,0,0,0,0,0,0,0,13,8,13,8,0,0,0,0,1,13,2,4,0,---,清明_廉洁,3.55,1.31,0,2,1,1.5
2,2,2,CREATIVE,P02_P1,en,zh,P,1,P02,3,118660,118660,89155,28074,1431,5,27715,1790,4,26259,3246,2,26259,3246,2,26259,3246,2,4,0,0,0,0,0,0,0,0,23,27,23,27,0,0,0,0,15,99,18,29,0,---,“_专制_可能_是_我们_所_观察_到_的_政治_结构_的_唯一_组织_替代_方案_。_”,1.92,1.1,0,4,3.72,3.86
3,3,3,CREATIVE,P02_P1,en,zh,P,1,P02,3,46020,46020,32475,13248,297,4,13248,297,4,12705,840,3,12705,840,3,5747,7798,1,5,0,0,0,0,0,0,0,0,8,9,8,9,0,0,0,0,4,22,6,22,0,---,__James_Buchanan_，_1975_年,1.98,1.28,0,2,1,1.5
4,4,4,CREATIVE,P02_P1,en,zh,P,1,P02,1,144951,144951,1,137479,7471,38,135880,9070,34,127387,17563,21,110140,34810,9,93952,50998,4,2,0,0,0,0,0,0,0,0,96,124,96,124,0,0,0,0,25,133,18,41,0,---,"当_机场_警察_不再_威胁_她_时_,_Malika_Rydman_第一次_意识_到_某件事_严重_失常_了_。",2.43,1.35,0,3.8,5.83,4.82
5,5,5,CREATIVE,P02_P1,en,zh,P,1,P02,3,505317,505317,17034,469489,18794,97,463476,24807,82,441880,46403,52,421493,66790,36,359526,128757,16,7,0,0,0,0,0,0,0,0,255,332,255,332,0,0,0,0,12,67,10,20,0,---,这_并非_太平洋_上_那种_忽隐忽现_的_不_连续感_。,2.12,1.25,0,2.08,2.9,2.49
6,6,6,CREATIVE,P02_P1,en,zh,P,1,P02,1,56109,56109,9,54615,1485,5,53657,2443,3,52953,3147,2,51902,4198,1,51902,4198,1,1,0,0,0,0,0,0,0,0,18,17,18,17,0,0,0,0,49,269,52,89,0,---,这_不是_在_飞机_下降时_乘务员_一个_都_不_在_的_奇怪_现象_，_也_不是_因为_她_可以_观看_《_我_和_安德烈_共_进晚餐_》_整个_跌宕起伏_的_高潮_部分_，_且_不会_听到_某些_关于_收起_小桌_板_和_立起_座椅_靠背_等_刻板_提醒_语音_的_干扰_。,2.92,1.81,0,4.24,4.06,4.15
7,7,7,CREATIVE,P02_P1,en,zh,P,1,P02,2,233982,233982,8813,197323,27846,101,187146,38023,74,159965,65204,34,141252,83917,22,99386,125783,8,3,0,0,0,0,0,0,0,0,352,352,352,352,0,0,0,0,41,226,44,73,0,---,甚至_也_不是_在_最终_着陆时_透过_窗户_看到_的_奇怪_景象_：_康加_鼓状_大灯_投射_在_地面_上_，_那些_蚂蚁_般_细小_的_车子_形成_一辆_小_火车_，_在_没有_任何_碰撞_的_情况_下_就_扭结_在_一起_。,2.77,1.44,0,3.73,3.05,3.39
8,8,8,CREATIVE,P02_P1,en,zh,P,1,P02,2,164805,164805,17655,132109,15041,52,125694,21456,36,113547,33603,18,100250,46900,8,83587,63563,3,2,0,0,0,0,0,0,0,0,165,162,165,162,0,0,0,0,23,123,21,38,0,---,这座_摩天大楼_朝向_东面_，_外立面_的_光斑_在_黑暗_中_闪烁_，_如同_被_一群_甲虫_吞没_了_一般_。,2.63,1.27,0,3.22,3.24,3.23
9,9,9,CREATIVE,P02_P1,en,zh,P,1,P02,3,161406,161406,76267,81025,4114,20,78916,6223,15,75963,9176,11,71861,13278,8,57911,27228,4,10,0,0,0,0,0,0,0,0,58,52,58,52,0,0,0,0,23,124,25,39,0,---,那些_街灯_、_桑弗兰_线框_那_细小_且_明亮_的_小_装饰_：_不_知道_为什么_都_比_一周_前_更_白_、_更亮_。,2.4,1.26,0,2.65,2.48,2.57
10,10,10,CREATIVE,P02_P1,en,zh,P,1,P02,1,56780,56780,1,50836,5943,27,50032,6747,25,42847,13932,14,37174,19605,10,12608,44171,2,6,0,0,0,0,0,0,0,0,75,69,75,69,0,0,0,0,8,50,14,28,0,---,飞机_以_不同_的_角度_降落_了_，_Malika_模棱两可_地_猜想_着_。,2.49,1.36,0,3.38,1.64,2.51
11,11,11,CREATIVE,P02_P1,en,zh,P,1,P02,2,44812,44812,42245,1179,1388,2,845,1722,1,0,2567,0,0,2567,0,0,2567,0,2,0,0,0,0,0,0,0,0,20,17,20,17,0,0,0,0,5,20,5,9,0,---,灯光_的_迷幻_效果_。,2.1,1.07,0,2.4,2.4,2.4
12,12,12,CREATIVE,P02_P1,en,zh,P,1,P02,3,64288,64288,50482,12480,1326,4,12020,1786,3,10464,3342,1,10464,3342,1,10464,3342,1,3,0,0,0,0,0,0,0,0,15,17,15,17,0,0,0,0,4,25,4,8,0,---,街头_艺术_装置_。,1.39,0.97,0,1,1,1
13,13,13,CREATIVE,P02_P1,en,zh,P,1,P02,3,164132,164132,6340,135971,21821,64,131755,26037,53,114624,43168,29,89081,68711,12,67090,90702,4,6,0,0,0,0,0,0,0,0,265,249,265,249,0,0,0,0,29,138,28,56,0,---,ANA008_航班_稳稳_着陆_并_滑行_了_大半_距离_，_然后_在_跑道_尽头_等待_进一步_通知_；_Malika_也_从_迷糊_的_思绪_中_摆脱_出来_。,2.71,1.45,0,3.38,4.29,3.83
14,14,14,CREATIVE,P02_P1,en,zh,P,1,P02,1,19399,19399,14258,4755,386,2,4755,386,2,4064,1077,1,4064,1077,1,0,5141,0,1,0,0,0,0,0,0,0,0,5,4,5,4,0,0,0,0,8,44,8,16,0,---,可能_还有_其他_飞机_在_登机口_堵着_。,2.35,1.32,0,1.38,1.38,1.38
15,15,15,CREATIVE,P02_P1,en,zh,P,1,P02,1,5493238,51343,18291,5473564,1383,10,5472743,2204,8,5470974,3973,5,5468994,5953,4,5468994,5953,4,3,0,0,0,0,0,0,0,0,23,19,23,19,0,0,0,0,9,40,10,15,0,---,您_会_认为_，_应该_会_有_一个_公告_。,2.83,1.84,0,2,1.3,1.65
1,1,16,CREATIVE,P02_T3,en,zh,T,3,P02,2,70335,70335,47407,21832,1096,3,21832,1096,3,21273,1655,2,19552,3376,1,19552,3376,1,1,0,0,0,0,0,0,0,0,18,15,18,15,0,0,0,0,2,11,1,2,0,---,上校,0.39,0.39,0,1,2,1.5
2,2,17,CREATIVE,P02_T3,en,zh,T,3,P02,1,365082,365082,1,353506,11575,72,348178,16903,58,336319,28762,42,308210,56871,22,279751,85330,12,0,0,0,0,0,0,0,0,0,166,141,166,141,0,0,0,0,15,77,14,25,0,---,"旗子_升起_时_,_叛乱分子_已经_从_东部_开始_向_境内_推进_了_。",1.97,1.19,0,4.93,5.93,5.43
3,3,18,CREATIVE,P02_T3,en,zh,T,3,P02,2,132805,132805,29842,82327,20636,64,74387,28576,44,61345,41618,25,34253,68710,5,25497,77466,2,1,0,0,0,0,0,0,0,0,284,220,284,220,0,0,0,0,39,208,43,64,0,---,当_上校_再次_回到_这场_角逐_时_—_—_处理_情报_，_找到_有利_位置_，_将_距离_最近_的_网络_专家_从_床上_拽_起_，_并_将_她_扑_到_在_板子_上_—_—_他们_已经_包围_了_基地_。,2.2,1.42,0,3.49,2.3,2.89
4,4,19,CREATIVE,P02_T3,en,zh,T,3,P02,2,63372,63372,7475,45186,10711,29,42226,13671,22,36572,19325,15,18660,37237,1,18660,37237,1,1,0,0,0,0,0,0,0,0,148,114,148,114,0,0,0,0,18,103,19,34,0,---,雨林_气候_让_他们_视线_模糊_，_但_上校_却_可_利用_红外线_成像_设备_了解_每个_细节_。,2.43,1.66,0,2.94,2.89,2.92
5,5,20,CREATIVE,P02_T3,en,zh,T,3,P02,2,75630,75630,10840,45857,18933,45,40534,24256,31,30832,33958,17,8573,56217,1,8573,56217,1,1,0,0,0,0,0,0,0,0,207,169,207,169,0,0,0,0,18,101,21,38,0,---,他_从_地球_的_另一端_远程_追踪_透过_贫瘠_的_丛林_散发_出来_的_每个_模糊_的_红外线_热源_信号_。,2.33,1.31,0,4.39,3.62,4
6,6,21,CREATIVE,P02_T3,en,zh,T,3,P02,2,45832,45832,5206,28756,11870,29,24857,15769,19,21675,18951,15,2006,38620,1,0,40626,0,1,0,0,0,0,0,0,0,0,184,135,184,135,0,0,0,0,29,139,22,49,0,---,厄瓜多尔_野生动物_被_大批量_捕杀_的_少数_好处_之一_是_：_现如今_，_人们_几乎_不大可能_会_将_游击队员_误认为_美洲虎_。,2.29,1.32,0,3.76,5.77,4.77
7,7,22,CREATIVE,P02_T3,en,zh,T,3,P02,2,84438,84438,8390,67257,8791,32,63737,12311,23,56210,19838,12,44033,32015,2,44033,32015,2,1,0,0,0,0,0,0,0,0,129,99,129,99,0,0,0,0,17,86,18,30,0,---,“_一共_13_个_”_，_中尉_一边_数着_显示器_上_的_各个_假色_点_一边_说道_。,1.98,0.83,0,3.35,3.06,3.2
8,8,23,CREATIVE,P02_T3,en,zh,T,3,P02,2,23170,23170,623,16699,5848,17,14464,8083,12,10001,12546,6,4592,17955,1,0,22547,0,1,0,0,0,0,0,0,0,0,77,60,77,60,0,0,0,0,15,59,10,17,0,---,在_空地_中间_，_各种_储罐_和_高塔_林立_。,2.91,1.8,0,4.27,7.1,5.68
9,9,24,CREATIVE,P02_T3,en,zh,T,3,P02,2,104318,104318,1515,88102,14701,46,83378,19425,34,75109,27694,22,55003,47800,8,42955,59848,3,1,0,0,0,0,0,0,0,0,180,145,180,145,0,0,0,0,26,137,21,35,0,---,整条_巨大_的_脐带_上_布满_成对_的_升力_面_，_从_心脏_位置_处_的_泵站_软软_地垂向_深空_。,2.44,1.27,0,4.42,8.14,6.28
10,10,25,CREATIVE,P02_T3,en,zh,T,3,P02,2,171231,171231,55542,95431,20258,74,88951,26738,58,69774,45915,31,34747,80942,6,25784,89905,3,2,0,0,0,0,0,0,0,0,284,223,284,223,0,0,0,0,29,170,39,61,0,---,再_往西_八公里_—_—_然后_再_直直_上_往_二十多公里_—_—_一个_浮升_器_在_管线_的_尽头_翻滚_着_，_就_像_一只_臃肿_的_大_蜱_虫_，_把_硫酸盐_喷洒_到_同温层_中_。,2.47,1.38,0,3.66,3.31,3.48
11,11,26,CREATIVE,P02_T3,en,zh,T,3,P02,2,102152,102152,36233,45151,20768,48,40701,25218,37,30025,35894,22,4057,61862,2,0,65919,0,1,0,0,0,0,0,0,0,0,270,208,270,208,0,0,0,0,33,161,33,62,0,---,当然_，_整个_设施_周围_还有_一圈_围栏_；_那种_带有_霜白_利刃_型_铁丝网_的_老款_链式_围栏_，_与其说是_一种_屏障_，_倒不如说_是_对_简约_时代_的_一种_怀旧_。,2.64,1.47,0,5.31,3.39,4.35
1,1,1,CREATIVE,P03_P1,en,zh,P,1,P03,1,1959,1959,1,1955,3,1,1955,3,1,1955,3,1,0,1958,0,0,1958,0,0,0,0,0,0,0,0,0,0,5,0,5,0,0,0,0,0,1,13,1,4,0,---,刚正不阿,3.55,1.31,0,1,1,1
2,2,2,CREATIVE,P03_P1,en,zh,P,1,P03,3,424929,424929,276750,139524,8655,34,137497,10682,29,130631,17548,18,119725,28454,10,103777,44402,6,11,0,0,0,0,0,0,0,0,94,98,94,98,0,0,0,0,15,99,16,27,0,---,“_专制_也许_是_可以_代替_我们_所见_的_政治_结构_的_唯一_形式_。_”,1.92,1.1,0,5.27,4,4.63
3,3,3,CREATIVE,P03_P1,en,zh,P,1,P03,3,832777,276956,579966,242819,9992,51,238548,14263,40,228233,24578,25,214520,38291,16,187181,65630,7,4,0,0,0,0,0,0,0,0,131,184,131,184,0,0,0,0,4,22,8,19,0,---,—_詹姆斯_•_布坎南_（_1975_年_）,1.98,1.28,0,3.25,1,2.12
4,4,4,CREATIVE,P03_P1,en,zh,P,1,P03,3,448478,448478,48873,386054,13551,65,379015,20590,47,370583,29022,35,356684,42921,25,316136,83469,12,15,0,0,0,0,0,0,0,0,172,133,172,133,0,0,0,0,25,133,24,40,0,---,这时候_玛丽_卡_•_莱德_曼_第一次_意识_到_真_有_什么_事_不对劲_了_：_机场_的_警察_居然_没有_威胁_她_。,2.43,1.35,0,4,3.79,3.9
5,5,5,CREATIVE,P03_P1,en,zh,P,1,P03,2,390239,129901,291828,93460,4951,14,92691,5720,12,89760,8651,8,87445,10966,6,81116,17295,4,4,0,0,0,0,0,0,0,0,44,47,44,47,0,0,0,0,12,67,9,18,0,---,这_不是_因为_太平洋_上_星星点点_的_闪烁_。,2.12,1.25,0,2,2.78,2.39
6,6,6,CREATIVE,P03_P1,en,zh,P,1,P03,3,838388,838388,35742,773290,29356,164,756604,46042,123,719998,82648,70,688088,114558,47,632733,169913,28,17,0,0,0,0,0,0,0,0,381,380,381,380,0,0,0,0,49,269,44,77,0,---,也_不是_因为_飞机_下降时_发生_的_种种_不_正常_现象_：_乘务员_不_在_；_没有_插播_来_提醒_她_系_安全带_和_把_椅背_拉直_；_她_第一次_可以_安安心心_地_观看_激动人心_的_《_我_和_安德烈_共_进晚餐_》_。,2.92,1.81,0,5.73,6.05,5.89
7,7,7,CREATIVE,P03_P1,en,zh,P,1,P03,3,1564028,1345101,289126,1209376,65526,274,1183077,91825,206,1121930,152972,121,1064892,210010,79,956960,317942,44,33,0,0,0,0,0,0,0,0,733,741,733,741,0,0,0,0,41,226,40,66,0,---,更_不是_在_降落_之前_从_舷窗_俯视_所_见到_的_陌生_景象_：_地面_上_的_汽车_，_小得_模糊_，_只_看见_车灯_首尾相连_交织_在_一起_，_好像_一列_列_火车_在_蜿蜒_有序_地_行进_。,2.77,1.44,0,7.56,6.6,7.08
8,8,8,CREATIVE,P03_P1,en,zh,P,1,P03,3,838393,838393,236081,576554,25758,89,569386,32926,70,545252,57060,33,528607,73705,20,499880,102432,10,8,0,0,0,0,0,0,0,0,212,207,212,207,0,0,0,0,23,123,25,45,0,---,那座_摩天大楼_像是_在_向东_移动_，_灯光_闪烁_的_楼身_渐渐_淹没_在_黑暗_中_，_仿佛_被_密密麻麻_的_甲虫_所_吞没_。,2.63,1.27,0,3.57,3.6,3.58
9,9,9,CREATIVE,P03_P1,en,zh,P,1,P03,3,700783,700783,11412,655016,34355,127,643776,45595,98,613666,75705,56,591542,97829,40,535359,154012,23,13,0,0,0,0,0,0,0,0,343,325,343,325,0,0,0,0,23,124,29,50,0,---,旧金山_街上_的_路灯_，_像是_微小_的_亮点_连接_着_整个_城市_的_照明_线路_。_同样_的_街灯_看上去_却_比_一周_前_显得_更为_明亮_。,2.4,1.26,0,7.61,5,6.3
10,10,10,CREATIVE,P03_P1,en,zh,P,1,P03,3,348909,348909,22681,319287,6941,33,316856,9372,27,307213,19015,14,301033,25195,9,288849,37379,6,4,0,0,0,0,0,0,0,0,73,72,73,72,0,0,0,0,8,50,11,19,0,---,看_的_角度_不同_吧_，_玛丽_卡_隐约_觉得_，,2.49,1.36,0,2.75,1.73,2.24
11,11,11,CREATIVE,P03_P1,en,zh,P,1,P03,3,88465,88465,15608,69608,3249,19,68047,4810,15,63592,9265,8,59844,13013,5,56298,16559,4,2,0,0,0,0,0,0,0,0,42,38,42,38,0,0,0,0,5,20,5,9,0,---,或是_灯光_的_效果_，,2.1,1.07,0,2.2,2.2,2.2
12,12,12,CREATIVE,P03_P1,en,zh,P,1,P03,3,36031,36031,29359,6265,407,3,6265,407,3,6265,407,3,4513,2159,2,0,6672,0,3,0,0,0,0,0,0,0,0,7,4,7,4,0,0,0,0,4,25,6,10,0,---,大概_是_街头_艺术_吧_。,1.39,0.97,0,3.5,2,2.75
13,13,13,CREATIVE,P03_P1,en,zh,P,1,P03,3,595023,595023,67159,505761,22103,88,495785,32079,62,478147,49717,37,466164,61700,28,436664,91200,18,11,0,0,0,0,0,0,0,0,219,215,219,215,0,0,0,0,29,138,26,49,0,---,即使_当_全日空_008_颠簸_着_降落_，_在_跑道_尽头_慢慢_停_稳后_，_玛莉卡_坐在_位子_上_，_还是_一副_不以为然_的_样子_。,2.71,1.45,0,3.79,4.23,4.01
14,14,14,CREATIVE,P03_P1,en,zh,P,1,P03,4,61711,61711,15316,42697,3698,12,42697,3698,12,39195,7200,7,33472,12923,3,30906,15489,2,2,0,0,0,0,0,0,0,0,28,30,28,30,0,0,0,0,8,44,7,12,0,---,也许_有_飞机_占_着_登机口_。,2.35,1.32,0,1.38,1.57,1.47
15,15,15,CREATIVE,P03_P1,en,zh,P,1,P03,3,57431,57431,19779,35361,2291,5,34896,2756,4,33289,4363,2,33289,4363,2,33289,4363,2,5,0,0,0,0,0,0,0,0,19,19,19,19,0,0,0,0,9,40,7,10,0,---,应该_会_有_通知_的_吧_。,2.83,1.84,0,2.33,4.14,3.24
1,1,16,CREATIVE,P03_T3,en,zh,T,3,P03,2,227973,227973,23675,202955,1343,7,202176,2122,5,200564,3734,3,197096,7202,1,197096,7202,1,2,0,0,0,0,0,0,0,0,18,15,18,15,0,0,0,0,2,11,1,2,0,---,上校,0.39,0.39,0,1,2,1.5
2,2,17,CREATIVE,P03_T3,en,zh,T,3,P03,3,125297,125297,21394,91812,12091,40,87228,16675,28,78657,25246,15,73866,30037,12,52861,51042,4,6,0,0,0,0,0,0,0,0,136,112,136,112,0,0,0,0,15,77,14,24,0,---,当警旗_出现_的_时候_，_暴乱_分子_已经_从_东面_压_了_过来_。,1.97,1.19,0,6.07,8.29,7.18
3,3,18,CREATIVE,P03_T3,en,zh,T,3,P03,5,887907,640366,56734,788773,42400,148,774895,56278,113,734140,97033,54,706453,124720,33,653175,177998,16,12,0,0,0,0,0,0,0,0,469,402,469,402,0,0,0,0,39,208,39,67,0,---,等到_上校_回过_神来_，_对_情况_加以分析_，_找到_有利_的_切入点_，_把_最近_的_网络_专家_从_床上_拽_起_，_摁_到_键盘_前_坐下_，_那_时候_他们_已经_将_整个_建筑群_包围起来_。,2.2,1.42,0,7.79,3.03,5.41
4,4,19,CREATIVE,P03_T3,en,zh,T,3,P03,4,1016795,572662,226224,752169,38402,155,737005,53566,117,698831,91740,63,667895,122676,40,611616,178955,23,20,0,0,0,0,0,0,0,0,431,380,431,380,0,0,0,0,18,103,29,51,0,---,暴乱_分子_躲_在_雨林_里_，_基线_视野_无法_捕捉到_他们_，_然而_上校_的_那双_机器_眼睛_却_将_辐射_红外线_的_物体_看_得_一清二楚_。,2.43,1.66,0,5.56,3,4.28
5,5,20,CREATIVE,P03_T3,en,zh,T,3,P03,4,640317,640317,86860,535721,17736,79,530775,22682,67,506659,46798,33,486286,67171,18,461787,91670,10,12,0,0,0,0,0,0,0,0,210,173,210,173,0,0,0,0,18,101,23,37,0,---,在_世界_的_另一头_，_他_追踪_着_每_一个_模糊_的_热点_，_热点_慢慢_地_在_稀疏_的_树底下_聚集_。,2.33,1.31,0,3.39,2.13,2.76
6,6,21,CREATIVE,P03_T3,en,zh,T,3,P03,3,219259,219259,16869,184430,17960,59,179206,23184,46,165424,36966,26,146242,56148,13,128577,73813,8,10,0,0,0,0,0,0,0,0,193,155,193,155,0,0,0,0,29,139,20,38,0,---,多亏_了_厄瓜多尔_野生动物_的_大量_消亡_，_如今_很少_有_机会_能_把_武装_分子_错认_成_美洲虎_。,2.29,1.32,0,3.28,4.95,4.11
7,7,22,CREATIVE,P03_T3,en,zh,T,3,P03,2,414587,414587,103489,294788,16310,76,291198,19900,67,265811,45287,31,252610,58488,21,226503,84595,12,9,0,0,0,0,0,0,0,0,180,151,180,151,0,0,0,0,17,86,19,29,0,---,“_我_发现_了_13_个_，_”_中尉_一边_说道_，_一边_数着_屏幕_上_的_亮点_。,1.98,0.83,0,2.65,2,2.32
8,8,23,CREATIVE,P03_T3,en,zh,T,3,P03,3,237250,237250,94712,123245,19293,71,113301,29237,46,101991,40547,29,77614,64924,12,58582,83956,6,2,0,0,0,0,0,0,0,0,186,153,186,153,0,0,0,0,15,59,19,33,0,---,雨林_里_有_块_砍伐_精光_的_空地_，_中间_乱七八糟_地堆_着_储罐_，_还有_几座_塔楼_。,2.91,1.8,0,12,7.05,9.53
9,9,24,CREATIVE,P03_T3,en,zh,T,3,P03,2,680576,680576,35968,606882,37726,128,594669,49939,98,566661,77947,59,530890,113718,33,487212,157396,19,12,0,0,0,0,0,0,0,0,371,325,371,325,0,0,0,0,26,137,30,46,0,---,中心_处_是_一个_泵站_，_泵站_的_两端_散布_着_成_对_的_支撑_面_，_伸向_空中_，_在_泵站_上方_搭成_一个_松垮_垮_的_顶蓬_。,2.44,1.27,0,17.04,14.6,15.82
10,10,25,CREATIVE,P03_T3,en,zh,T,3,P03,5,1288738,629111,769804,471060,47874,157,457821,61113,124,421875,97059,74,380059,138875,45,308114,210820,23,18,0,0,0,0,0,0,0,0,505,430,505,430,0,0,0,0,29,170,42,77,0,---,这样_的_泵站_往西_还有_20_多个_，_组成_八公里_的_管线_，_在_管线_的_尽头_是_一个_飞行器_。_飞行器_在_空中_来回_摇晃_，_像是_一个_硕大无比_的_圆滚滚_的_甲壳虫_，_不断_朝_平流层_吐_着_硫酸盐_。,2.47,1.38,0,5.59,3.58,4.58
11,11,26,CREATIVE,P03_T3,en,zh,T,3,P03,3,403122,403122,550,372669,29903,90,365296,37276,71,340304,62268,36,327443,75129,26,284712,117860,13,15,0,0,0,0,0,0,0,0,317,259,317,259,0,0,0,0,33,161,33,58,0,---,建筑群_的_四周_是_那种_老式_的_金属网_围栏_，_上面_布满_勾刺_，_除了_让_人_缅怀_过去_那种_简单_粗放_的_日子_以外_，_根本_没有_什么_防范_的_作用_。,2.64,1.47,0,6.55,5.67,6.11
1,1,16,CREATIVE,P04_P3,en,zh,P,3,P04,0,0,0,0,0,0,0,0,0,0,0,0,0,0,0,0,0,0,0,0,0,0,0,0,0,0,0,0,0,0,0,0,0,0,0,0,2,11,1,2,0,---,上校,0.39,0.39,0,1,2,1.5
2,2,17,CREATIVE,P04_P3,en,zh,P,3,P04,2,36307835,37130,36270705,34002,3128,11,32833,4297,8,30588,6542,5,28824,8306,4,24507,12623,3,4,0,0,0,0,0,0,0,0,36,47,36,47,0,0,0,0,15,77,12,21,0,---,当_旗帜_升起_时_，_叛乱分子_已经_从_东边_过来_了_。,1.97,1.19,0,4.07,6.58,5.32
3,3,18,CREATIVE,P04_P3,en,zh,P,3,P04,3,594417,594417,249126,329125,16166,81,322139,23152,63,299941,45350,34,276488,68803,16,257577,87714,9,18,0,0,0,0,0,0,0,0,194,222,194,222,0,0,0,0,39,208,37,58,0,---,上校_还_没_回来_—_—_回来_处理_情报_、_找到_有利_位置_、_就近_把_某个_网络_专家_从_床上_薅_起来_扔_到_屏幕_前_—_—_他们_就_已经_把_管辖区_包围_了_。,2.2,1.42,0,3.18,4,3.59
4,4,19,CREATIVE,P04_P3,en,zh,P,3,P04,6,456225,456225,97023,332983,26219,62,324644,34558,42,308232,50970,18,296844,62358,10,291131,68071,8,18,0,0,0,0,0,0,0,0,357,346,357,346,0,0,0,0,18,103,23,39,0,---,他们_借助_雨林_的_隐蔽_消失_在_基线_视野_中_，_但_透过_上校_的_瞄准镜_能_清楚_地_看到_红外_轮廓_。,2.43,1.66,0,3.94,3.04,3.49
5,5,20,CREATIVE,P04_P3,en,zh,P,3,P04,4,297580,49931,4,292671,4905,25,289187,8389,16,286627,10949,12,278245,19331,6,271327,26249,4,11,0,0,0,0,0,0,0,0,104,80,104,80,0,0,0,0,18,101,17,27,0,---,他_从_极_远处_透过_稀疏_的_树冠_追踪_着_每_一个_模糊_的_热能_图像_。,2.33,1.31,0,5.94,4.18,5.06
6,6,21,CREATIVE,P04_P3,en,zh,P,3,P04,2,143593,143593,82154,52207,9232,28,48587,12852,19,41350,20089,9,36134,25305,5,32332,29107,4,11,0,0,0,0,0,0,0,0,143,132,143,132,0,0,0,0,29,139,28,50,0,---,现在_很少_发生_把_游击队员_误_当作_美洲虎_的_事_了_，_这_算是_厄瓜多尔_野生动物_被_大量_捕杀_所_带来_的_不_多_的_好处_之一_。,2.29,1.32,0,7.59,7.5,7.54
7,7,22,CREATIVE,P04_P3,en,zh,P,3,P04,3,573914,335967,39598,525718,8598,31,520901,13415,19,515772,18544,12,511638,22678,9,503936,30380,6,9,0,0,0,0,0,0,0,0,114,130,114,130,0,0,0,0,17,86,16,26,0,---,“_我_搞定_了_十三个_，_”_中尉_数着_显示屏_上_的_伪_彩色_团说_。,1.98,0.83,0,2.71,2.69,2.7
8,8,23,CREATIVE,P04_P3,en,zh,P,3,P04,3,557156,325259,123739,419961,13456,34,414982,18435,21,408695,24722,12,405447,27970,10,398512,34905,8,11,0,0,0,0,0,0,0,0,178,189,178,189,0,0,0,0,15,59,13,27,0,---,在_轮廓_清晰_的_显示屏_中央_，_坦克_和_堡垒_稀里糊涂_乱作一团_。,2.91,1.8,0,5.47,6.38,5.93
9,9,24,CREATIVE,P04_P3,en,zh,P,3,P04,4,801826,342258,462526,322408,16892,48,316394,22906,33,309009,30291,22,296324,42976,12,280495,58805,6,8,0,0,0,0,0,0,0,0,303,260,303,260,0,0,0,0,26,137,26,43,0,---,一条_巨大_的_脐带_缆_，_沿途_装配_着_一对对_升力_面_，_从_位于_中心_的_泵站_徐徐_延申_，_直到_消失_于_天际_。,2.44,1.27,0,4.23,3.27,3.75
10,10,25,CREATIVE,P04_P3,en,zh,P,3,P04,4,2981288,306329,132832,2828074,20382,83,2819479,28977,61,2792552,55904,25,2775583,72873,13,2759796,88660,8,22,0,0,0,0,0,0,0,0,276,273,276,273,0,0,0,0,29,170,32,58,0,---,从_这儿_往西_八公里_，_再_直行_二十公里_，_在_管道_的_尽头_闲适_地伏_着_一架_航空器_，_如_一只_大腹便便_的_巨型_蜱_虫_，_把_硫化物_喷进_平流层_。,2.47,1.38,0,3.79,2.72,3.26
11,11,26,CREATIVE,P04_P3,en,zh,P,3,P04,2,571799,344605,194969,358228,18602,50,350605,26225,31,341503,35327,17,330044,46786,9,311006,65824,3,13,0,0,0,0,0,0,0,0,233,233,233,233,0,0,0,0,33,161,29,52,0,---,当然_管辖区_周围_还有_一道_围栏_，_顶上_带_着_利刃_的_老式_铁丝网_，_与其_称_它_为_屏障_，_不如说是_纯真_年代_留下_的_怀旧_念想_。,2.64,1.47,0,3.42,3.97,3.69
1,1,1,CREATIVE,P04_T1,en,zh,T,1,P04,1,4576,4576,4576,0,0,0,0,0,0,0,0,0,0,0,0,0,0,0,0,0,0,0,0,0,0,0,0,1,0,1,0,0,0,0,0,1,13,1,2,0,---,廉洁,3.55,1.31,0,1,1,1
2,2,2,CREATIVE,P04_T1,en,zh,T,1,P04,2,14337737,411844,13585881,750287,1569,37,749206,2650,34,741173,10683,23,730510,21346,16,700869,50987,6,14,0,0,0,0,0,0,0,0,49,28,49,28,0,0,0,0,15,99,14,25,0,---,“_专制_体制_可能_是_我们_当前_政治_结构_的_唯一_替代品_。_”,1.92,1.1,0,3.73,4.07,3.9
3,3,3,CREATIVE,P04_T1,en,zh,T,1,P04,1,42092,42092,32555,9532,5,8,8831,706,6,7122,2415,3,5286,4251,2,0,9537,0,3,0,0,0,0,0,0,0,0,14,0,14,0,0,0,0,0,4,22,7,15,0,---,—_—_詹姆士_·_布坎南_，_1975,1.98,1.28,0,2.75,1,1.88
4,4,4,CREATIVE,P04_T1,en,zh,T,1,P04,4,613842,333883,342377,269963,1502,36,268800,2665,33,263430,8035,26,241312,30153,11,223207,48258,5,11,0,0,0,0,0,0,0,0,61,20,61,20,0,0,0,0,25,133,24,40,0,---,机场_警察_竟_没有_语带_威胁_，_直到_这时_，_玛丽_卡_·_里_德曼_才_开始_意识_到_事情_实在_很_不对劲_。,2.43,1.35,0,4.76,6.38,5.57
5,5,5,CREATIVE,P04_T1,en,zh,T,1,P04,4,338745,338745,237535,99928,1282,24,98949,2261,21,92954,8256,14,84615,16595,8,80225,20985,6,12,0,0,0,0,0,0,0,0,36,16,36,16,0,0,0,0,12,67,12,20,0,---,飞越_太平洋_时_她_就_隐约_感觉_到_某种_不_连续_。,2.12,1.25,0,4.17,4.5,4.33
6,6,6,CREATIVE,P04_T1,en,zh,T,1,P04,7,2795468,1460827,300074,2486474,8920,158,2479876,15518,142,2458319,37075,114,2387914,107480,65,2280864,214530,30,37,0,0,0,0,0,0,0,0,474,404,474,404,0,0,0,0,49,269,42,70,0,---,降落_过程_中_乘务员_反常_地_缺席_，_她_看_完_了_《_与_安德烈_晚餐_》_整个_跌宕起伏_的_高潮_部分_，_都_没_听到_录音_提醒_她_收起_桌板_、_保持_椅背_直立_，_这_可是_前所未有_之_事_。,2.92,1.81,0,4.61,5.81,5.21
7,7,7,CREATIVE,P04_T1,en,zh,T,1,P04,1,124058,124058,1,123999,58,1,123999,58,1,123999,58,1,123999,58,1,123999,58,1,0,0,0,0,0,0,0,0,0,60,0,60,0,0,0,0,0,41,226,35,60,0,---,最后_降落_时_她_向_窗外_一瞥_发现_了_奇特_的_景象_：_地面_上_车头灯_排成_了_康加舞_队形_，_小小_汽车_汇成_的_队列_不断_交织_缠绕_，_却_绝不_发生_碰撞_。,2.77,1.44,0,3.56,4.06,3.81
8,8,8,CREATIVE,P04_T1,en,zh,T,1,P04,6,779387,779387,288058,489040,2289,45,486742,4587,39,481559,9770,32,469310,22019,23,427510,63819,11,20,0,0,0,0,0,0,0,0,84,48,84,48,0,0,0,0,23,123,21,35,0,---,东边_摩天大楼_的_立面_在_黑暗_中_翻涌_着_，_闪着_亮光_，_似乎_正_被_一_大片_甲虫_吞噬_。,2.63,1.27,0,2.35,3,2.67
9,9,9,CREATIVE,P04_T1,en,zh,T,1,P04,8,18409801,689483,1335955,17071568,2278,72,17069075,4771,66,17055398,18448,48,17030699,43147,31,16985047,88799,16,36,0,0,0,0,0,0,0,0,114,73,114,73,0,0,0,0,23,124,23,40,0,---,一样_的_街灯_，_旧金山_线_框图_上_那些_漏出_光亮_的_孔隙_，_莫名_地比_一周_前_显得_更加_明亮_发白_。,2.4,1.26,0,3.17,3.22,3.2
10,10,10,CREATIVE,P04_T1,en,zh,T,1,P04,3,14074,14074,6036,7556,482,5,7556,482,5,6114,1924,3,2671,5367,1,0,8038,0,4,0,0,0,0,0,0,0,0,18,1,18,1,0,0,0,0,8,50,10,18,0,---,接近_角_不同_吧_，_玛丽_卡_迷迷糊糊_地想_。,2.49,1.36,0,2.38,1.7,2.04
11,11,11,CREATIVE,P04_T1,en,zh,T,1,P04,2,69854,69854,64627,5101,126,3,5101,126,3,5101,126,3,2335,2892,1,0,5227,0,2,0,0,0,0,0,0,0,0,7,2,7,2,0,0,0,0,5,20,3,5,0,---,灯光_秀_。,2.1,1.07,0,1.6,3.67,2.63
12,12,12,CREATIVE,P04_T1,en,zh,T,1,P04,1,6428,6428,1228,5196,4,3,5196,4,3,4460,740,2,2804,2396,1,0,5200,0,0,0,0,0,0,0,0,0,0,8,0,8,0,0,0,0,0,4,25,4,8,0,---,街头_装置_艺术_。,1.39,0.97,0,1.5,1.5,1.5
13,13,13,CREATIVE,P04_T1,en,zh,T,1,P04,7,597568,597568,284990,311035,1543,43,308430,4148,37,303741,8837,31,284194,28384,16,260941,51637,8,21,0,0,0,0,0,0,0,0,73,25,73,25,0,0,0,0,29,138,26,49,0,---,即使_当_ANA008_航班_轰然_落地_，_缓慢_滑行_到_跑道_末尾_后_就_一直_停_在_那儿_，_玛丽_卡_也_只是_耸了耸肩_不在意_。,2.71,1.45,0,3.17,2.96,3.07
14,14,14,CREATIVE,P04_T1,en,zh,T,1,P04,4,83976,83976,28534,55313,129,12,55002,440,11,54439,1003,10,45361,10081,4,41820,13622,3,4,0,0,0,0,0,0,0,0,20,5,20,5,0,0,0,0,8,44,10,16,0,---,兴许_是_出口_给_哪_架飞机_堵住_了_吧_。,2.35,1.32,0,5,2.5,3.75
15,15,15,CREATIVE,P04_T1,en,zh,T,1,P04,6,1678425,217408,278702,1399402,321,10,1399402,321,10,1397887,1836,8,1391898,7825,4,1391898,7825,4,7,0,0,0,0,0,0,0,0,18,4,18,4,0,0,0,0,9,40,7,12,0,---,还_以为_会_听到_广播_通知_。,2.83,1.84,0,2.33,3.57,2.95
1,1,16,CREATIVE,P05_P3,en,zh,P,3,P05,0,0,0,0,0,0,0,0,0,0,0,0,0,0,0,0,0,0,0,0,0,0,0,0,0,0,0,0,0,0,0,0,0,0,0,0,2,11,1,2,0,---,上校,0.39,0.39,0,1,2,1.5
2,2,17,CREATIVE,P05_P3,en,zh,P,3,P05,2,85504,85504,40329,39336,5839,17,37064,8111,11,33556,11619,6,30552,14623,4,24112,21063,2,7,0,0,0,0,0,0,0,0,60,59,60,59,0,0,0,0,15,77,15,25,0,---,当_旗帜_升起_时_，_叛乱分子_就_开始_从_东边_向_他们_涌_过来_。,1.97,1.19,0,5.07,5.53,5.3
3,3,18,CREATIVE,P05_P3,en,zh,P,3,P05,2,164697,164697,33746,119421,11530,39,115300,15651,28,105187,25764,13,95306,35645,6,92988,37963,5,16,0,0,0,0,0,0,0,0,140,141,140,141,0,0,0,0,39,208,44,64,0,---,当_上校_回到_战斗_中_时_—_—_处理_了_情报_，_找到_了_一个_有利_的_位置_，_把_最近_的_网络_专家_从_床上_抓_起来_并_把_她_摔_在_黑板_上_—_—_他们_已经_把_大院_包围_了_。,2.2,1.42,0,4.18,2.18,3.18
4,4,19,CREATIVE,P05_P3,en,zh,P,3,P05,2,118487,118487,68329,36377,13781,30,32620,17538,21,25027,25131,10,15424,34734,3,8830,41328,1,9,0,0,0,0,0,0,0,0,159,145,159,145,0,0,0,0,18,103,25,43,0,---,由于_雨林_的_遮挡_，_在_基础_视觉_中_看不到_他们_，_但_上校_的_帮手_却_可以_通过_红外线_清楚_地_看到_他们_。,2.43,1.66,0,3.72,2.52,3.12
5,5,20,CREATIVE,P05_P3,en,zh,P,3,P05,1,239674,239674,105325,124281,10068,27,123145,11204,24,114235,20114,11,109328,25021,8,92612,41737,2,7,0,0,0,0,0,0,0,0,114,115,114,115,0,0,0,0,18,101,18,30,0,---,他_从_遥远_的_地方_跟踪_每个_模糊_的_热纹_图像_，_透过_那些_枯萎_的_树冠_。,2.33,1.31,0,2.78,3.83,3.31
6,6,21,CREATIVE,P05_P3,en,zh,P,3,P05,1,168132,168132,239,159534,8359,24,157605,10288,19,150887,17006,10,147561,20332,7,135695,32198,3,8,0,0,0,0,0,0,0,0,99,96,99,96,0,0,0,0,29,139,18,42,0,---,厄瓜多尔_野生动物_灭绝_的_少数_好处_之一_是_，_如今_，_不太可能_把_一个_游击队员_误认为_一只_美洲虎,2.29,1.32,0,3.34,5.39,4.37
7,7,22,CREATIVE,P05_P3,en,zh,P,3,P05,2,108567,108567,20678,84568,3321,10,83723,4166,8,80534,7355,3,79479,8410,2,79479,8410,2,4,0,0,0,0,0,0,0,0,36,33,36,33,0,0,0,0,17,86,19,29,0,---,“_我_找到_了_十三个_，_”_中尉_说_，_在_显示屏_上_数着_伪_彩色_的_斑点_。,1.98,0.83,0,2.41,2.47,2.44
8,8,23,CREATIVE,P05_P3,en,zh,P,3,P05,1,53193,53193,1,43515,9677,22,41555,11637,17,35373,17819,9,26348,26844,3,23244,29948,2,9,0,0,0,0,0,0,0,0,108,102,108,102,0,0,0,0,15,59,14,23,0,---,在_一片_清晰_轮廓_的_中间_混乱_分布_着_一些_罐子_和_塔_。,2.91,1.8,0,5.27,4.93,5.1
9,9,24,CREATIVE,P05_P3,en,zh,P,3,P05,3,258487,258487,40589,200845,17053,55,196199,21699,43,179167,38731,20,169866,48032,14,147574,70324,6,16,0,0,0,0,0,0,0,0,207,210,207,210,0,0,0,0,26,137,20,34,0,---,一条_巨大_的_脐带_从_泵站_的_中心_缓缓_隐入_天际_，_沿着_其_两侧_有_一对对_提升_面_。,2.44,1.27,0,2.88,4.9,3.89
10,10,25,CREATIVE,P05_P3,en,zh,P,3,P05,2,262051,262051,84587,168775,8689,30,165635,11829,22,157533,19931,11,151533,25931,7,148677,28787,6,15,0,0,0,0,0,0,0,0,102,98,102,98,0,0,0,0,29,170,35,59,0,---,向西_8_公里_—_—_再_直线_向上_20_公里_，_线缆_的_末端_漂浮_着_一只_高空_气球_，_就_像_一只_臃肿_的_蜱_虫_，_将_硫酸盐_呕吐_到_平流层_中_。,2.47,1.38,0,3.45,3.4,3.42
11,11,26,CREATIVE,P05_P3,en,zh,P,3,P05,1,194671,194671,14823,173707,6141,25,171732,8116,20,167882,11966,14,158986,20862,8,150087,29761,5,13,0,0,0,0,0,0,0,0,88,83,88,83,0,0,0,0,33,161,31,57,0,---,当然_，_在_大院_周围_有_一道_栅栏_，_老式_的_铁栅栏_和_顶部_的_带刺_铁丝网_，_与其说是_一个_障碍_，_不如说是_一个_对_简单_时代_的_怀旧_提醒_。,2.64,1.47,0,2.45,3.32,2.89
1,1,1,CREATIVE,P05_T1,en,zh,T,1,P05,2,29199,29199,872,24252,4075,8,22901,5426,4,22188,6139,3,19804,8523,1,19804,8523,1,2,0,0,0,0,0,0,0,0,40,35,40,35,0,0,0,0,1,13,2,4,0,---,不可_收买,3.55,1.31,0,2,1,1.5
2,2,2,CREATIVE,P05_T1,en,zh,T,1,P05,1,93165,93165,3278,83057,6830,21,81642,8245,18,76378,13509,10,73232,16655,8,53670,36217,3,1,0,0,0,0,0,0,0,0,101,76,101,76,0,0,0,0,15,99,14,25,0,---,“_专制_可能_是_我们_熟悉_的_政治_结构_的_唯一_替代选择_。_”,1.92,1.1,0,2.8,3.57,3.19
3,3,3,CREATIVE,P05_T1,en,zh,T,1,P05,1,52125,52125,2224,46255,3646,18,44326,5575,13,39726,10175,6,35491,14410,3,31257,18644,2,0,0,0,0,0,0,0,0,0,61,44,61,44,0,0,0,0,4,22,8,17,0,---,—_—_詹姆斯_·_布坎南_，_1975_年,1.98,1.28,0,3,1,2
4,4,4,CREATIVE,P05_T1,en,zh,T,1,P05,2,358469,358469,33770,311372,13327,36,309167,15532,30,301966,22733,19,287526,37173,9,281505,43194,7,6,0,0,0,0,0,0,0,0,178,138,178,138,0,0,0,0,25,133,26,40,0,---,这是_玛丽_卡_·_莱德_曼_最初_意识_到_出现_了_严重_异常_的_时刻_：_当_机场_警察_并_没_威胁_她_的_时候_。,2.43,1.35,0,4.12,3.5,3.81
5,5,5,CREATIVE,P05_T1,en,zh,T,1,P05,2,110279,110279,5529,97123,7627,15,96385,8365,13,93119,11631,9,86924,17826,5,81730,23020,3,0,0,0,0,0,0,0,0,0,95,79,95,79,0,0,0,0,12,67,10,19,0,---,并_不是_太平洋_上空_那种_摇曳_的_不_连续感_。,2.12,1.25,0,2.92,3.7,3.31
6,6,6,CREATIVE,P05_T1,en,zh,T,1,P05,2,382622,382622,1272,349837,31513,86,341230,40120,65,318995,62355,33,301114,80236,20,275350,106000,11,11,0,0,0,0,0,0,0,0,414,336,414,336,0,0,0,0,49,269,48,78,0,---,并_不是_在_飞机_下降_过程_中_空姐_们_奇怪_地_没有_出现_，_或是_她_居然_可以_完整_地_看_完_那_一部_跌宕起伏_的_《_与_安德烈_晚餐_》_而_没有_被_任何_录音_打断_，_提醒_她_调直_座椅_靠背_、_收起_小桌_板_。,2.92,1.81,0,4.22,4.17,4.2
7,7,7,CREATIVE,P05_T1,en,zh,T,1,P05,2,323875,323875,44,291402,32429,76,285544,38287,61,268078,55753,37,242988,80843,20,213530,110301,11,9,0,0,0,0,0,0,0,0,410,339,410,339,0,0,0,0,41,226,40,73,0,---,甚至_也_不是_在_最终_进近_阶段_透过_窗户_一瞥_看到_的_陌生_景象_：_地面_上_一排_大灯_排成_康加舞_队形_，_那些_小小的_汽车_好像_连成_了_一列_列小_火车_，_交织_通行_却_不会_彼此_相撞_。,2.77,1.44,0,3.73,3.62,3.68
8,8,8,CREATIVE,P05_T1,en,zh,T,1,P05,2,376878,376878,162935,195098,18845,45,189196,24747,29,177541,36402,13,168750,45193,6,164277,49666,5,1,0,0,0,0,0,0,0,0,227,187,227,187,0,0,0,0,23,123,22,40,0,---,东边_的_那座_摩天大楼_，_外墙_闪着_暗光_，_沸腾_涌动_，_仿佛_被_一块_甲壳虫_组成_的_地毯_吞噬_了_。,2.63,1.27,0,3.61,3.59,3.6
9,9,9,CREATIVE,P05_T1,en,zh,T,1,P05,3,243677,243677,14328,210445,18904,48,207104,22245,40,190476,38873,16,178789,50560,8,158310,71039,2,3,0,0,0,0,0,0,0,0,251,210,251,210,0,0,0,0,23,124,26,41,0,---,街道_上_的_路灯_，_旧金山_线_框图_上_的_那些_微小_的_亮点_，_不知_怎么_的_比_一周_以前_更白_、_更亮_了_。,2.4,1.26,0,3.61,2.81,3.21
10,10,10,CREATIVE,P05_T1,en,zh,T,1,P05,2,28520,28520,1826,23766,2928,11,22964,3730,9,20222,6472,6,16534,10160,3,11037,15657,1,2,0,0,0,0,0,0,0,0,46,29,46,29,0,0,0,0,8,50,10,17,0,---,进近_角度_不同_。_玛丽_卡_茫然_地_想到_。,2.49,1.36,0,2.38,1.7,2.04
11,11,11,CREATIVE,P05_T1,en,zh,T,1,P05,1,12996,12996,1,11429,1566,5,10539,2456,3,9989,3006,2,8209,4786,1,8209,4786,1,0,0,0,0,0,0,0,0,0,24,17,24,17,0,0,0,0,5,20,4,7,0,---,光线_的_作用_。,2.1,1.07,0,1.8,2.75,2.27
12,12,12,CREATIVE,P05_T1,en,zh,T,1,P05,1,29671,29671,1,23638,6032,14,20784,8886,7,18457,11213,3,17088,12582,2,14963,14707,1,0,0,0,0,0,0,0,0,0,66,58,66,58,0,0,0,0,4,25,4,8,0,---,街头_艺术_装置_。,1.39,0.97,0,1,1,1
13,13,13,CREATIVE,P05_T1,en,zh,T,1,P05,1,128585,128585,1,105390,23194,57,99939,28645,42,84580,44004,19,68332,60252,8,57906,70678,5,8,0,0,0,0,0,0,0,0,258,215,258,215,0,0,0,0,29,138,23,43,0,---,甚至_在_ANA008_落地_、_刹车_并_在_跑道_尽头_停下_不动_的_时候_，_玛丽_卡_还是_觉得_没有_什么_问题_。,2.71,1.45,0,3.45,4.17,3.81
14,14,14,CREATIVE,P05_T1,en,zh,T,1,P05,1,25013,25013,1,21178,3834,12,19521,5491,8,17404,7608,5,13512,11500,2,8826,16186,1,0,0,0,0,0,0,0,0,0,49,33,49,33,0,0,0,0,8,44,9,16,0,---,可能_有_其他_飞机_占据_了_登机口_吧_。,2.35,1.32,0,2.12,1.56,1.84
15,15,15,CREATIVE,P05_T1,en,zh,T,1,P05,1,55900,55900,1,50813,5086,9,49673,6226,6,47129,8770,2,45806,10093,1,45806,10093,1,0,0,0,0,0,0,0,0,0,57,43,57,43,0,0,0,0,9,40,9,14,0,---,你_觉得_应该_会_有_个_广播_通知_。,2.83,1.84,0,1.78,1.78,1.78
1,1,1,CREATIVE,P06_P1,en,zh,P,1,P06,2,48497,48497,48494,0,3,0,0,3,0,0,3,0,0,3,0,0,3,0,1,0,0,0,0,0,0,0,0,5,0,5,0,0,0,0,0,1,13,1,4,0,---,廉洁奉公,3.55,1.31,0,1,1,1
2,2,2,CREATIVE,P06_P1,en,zh,P,1,P06,3,236542,236542,229669,5003,1870,7,3667,3206,4,1062,5811,1,0,6873,0,0,6873,0,3,0,0,0,0,0,0,0,0,24,25,24,25,0,0,0,0,15,99,17,30,0,---,“_专制制度_可能_是_我们_观察_到_的_政治_结构_的_唯一_组织_替代_办法_。_”,1.92,1.1,0,4.27,3.24,3.75
3,3,3,CREATIVE,P06_P1,en,zh,P,1,P06,5,195031,195031,69837,116487,8707,46,110718,14476,30,104935,20259,22,89338,35856,10,78650,46544,6,4,0,0,0,0,0,0,0,0,87,120,87,120,0,0,0,0,4,22,6,23,0,---,—_James_Buchanan_，_1975_年,1.98,1.28,0,2,1,1.5
4,4,4,CREATIVE,P06_P1,en,zh,P,1,P06,5,111714,111714,62384,44779,4551,18,43335,5995,14,38895,10435,8,34353,14977,4,34353,14977,4,8,0,0,0,0,0,0,0,0,61,41,61,41,0,0,0,0,25,133,24,38,0,---,当_机场_的_警察_并_不_威胁_她_的_时候_，_玛莉卡_·_莱德_曼_第一次_意识_到_出_了_什么_严重_问题_。,2.43,1.35,0,5.76,7.17,6.46
5,5,5,CREATIVE,P06_P1,en,zh,P,1,P06,5,333229,333229,156834,172379,4016,39,168325,8070,29,158570,17825,15,147714,28681,8,141641,34754,6,9,0,0,0,0,0,0,0,0,65,63,65,63,0,0,0,0,12,67,12,23,0,---,那_不是_在_太平洋_上空_那种_忽隐忽现_的_中断_的_感觉_；,2.12,1.25,0,2.92,3.08,3
6,6,6,CREATIVE,P06_P1,en,zh,P,1,P06,6,792288,792288,219936,532272,40080,155,516409,55943,114,477251,95101,60,457460,114892,46,391339,181013,24,27,0,0,0,0,0,0,0,0,406,386,406,386,0,0,0,0,49,269,63,103,0,---,也_不是_因为_在_飞机_降落_时_没有_看到_乘务员_而_感到_的_那种_奇怪_；_也_不是_因为_向来_没有_发生_过_的_这种_情况_：_她_在_观看_令人_心跳_的_《_我_和_安德烈_共_进晚餐_》_的_整个_高潮_，_而_没有_突然_传来_录制_的_声音_，_提醒_她_把_安全带_系好_并_保持_垂直_的_坐姿_；,2.92,1.81,0,5.86,3.49,4.67
7,7,7,CREATIVE,P06_P1,en,zh,P,1,P06,6,589283,589283,224938,343235,21110,103,332423,31922,76,304548,59797,37,289787,74558,26,256052,108293,16,23,0,0,0,0,0,0,0,0,279,252,279,252,0,0,0,0,41,226,57,93,0,---,甚至_也_不是_当_飞机_在_最后_进场_着陆_阶段_她_透过_窗户_看到_的_那种_奇怪_的_景象_：_那_一条_在_地面_上_蠕动_的_大灯_线_，_那些_像_蚂蚁_一样_的_汽车_形成_一组组_火车_，_就_像_辫子_一样_交织_在_一起_，_也_向来_不会_冲撞_到_别的_车辆_上去_。,2.77,1.44,0,4.51,2.88,3.69
8,8,8,CREATIVE,P06_P1,en,zh,P,1,P06,3,418935,418935,62888,338464,17583,72,330328,25719,51,311985,44062,25,301970,54077,18,280784,75263,12,18,0,0,0,0,0,0,0,0,201,186,201,186,0,0,0,0,23,123,25,48,0,---,这座_摩天大楼_向东_，_建筑物_的_立面_在_夜幕_中_若隐若现_的_亮点_中_沸腾_，_仿佛_被_一群_铺天盖地_的_甲壳虫_所_吞没_。,2.63,1.27,0,3,2.84,2.92
9,9,9,CREATIVE,P06_P1,en,zh,P,1,P06,3,810725,810725,196834,589420,24471,113,577946,35945,83,553107,60784,46,530410,83481,29,502694,111197,21,10,0,0,0,0,0,0,0,0,265,250,265,250,0,0,0,0,23,124,28,47,0,---,就_连_街道_上_的_灯光_以及_旧金山_城市布局_中_那些_微小_的_闪亮_间隙_不_知道_为什么_也_比_一周_前_更_洁白_、_更_明亮_。,2.4,1.26,0,4.86,3.54,4.2
10,10,10,CREATIVE,P06_P1,en,zh,P,1,P06,4,172453,172453,62339,101825,8289,38,98163,11951,29,87927,22187,15,83300,26814,11,69323,40791,7,9,0,0,0,0,0,0,0,0,89,85,89,85,0,0,0,0,8,50,13,26,0,---,也许_是从_不同_的_角度观察_的_结果_吧_，_玛莉卡_下意识_地想_。,2.49,1.36,0,3.5,1.54,2.52
11,11,11,CREATIVE,P06_P1,en,zh,P,1,P06,3,37820,37820,28287,7987,1546,10,6494,3039,6,3512,6021,2,2381,7152,1,0,9533,0,3,0,0,0,0,0,0,0,0,21,19,21,19,0,0,0,0,5,20,6,10,0,---,这_就是_灯光_的_诀窍_，,2.1,1.07,0,3.4,3.17,3.28
12,12,12,CREATIVE,P06_P1,en,zh,P,1,P06,3,114422,114422,105768,7531,1123,3,7531,1123,3,6763,1891,2,6763,1891,2,0,8654,0,2,0,0,0,0,0,0,0,0,19,15,19,15,0,0,0,0,4,25,5,9,0,---,街道_艺术_的_重现_。,1.39,0.97,0,1.5,1,1.25
13,13,13,CREATIVE,P06_P1,en,zh,P,1,P06,5,362679,362679,105177,239286,18216,85,229519,27983,61,206095,51407,28,192356,65146,18,181083,76419,14,14,0,0,0,0,0,0,0,0,197,192,197,192,0,0,0,0,29,138,25,50,0,---,即使_当_ANA008_嘭_的_一声_撞_到_地面_、_减速_并_停靠在_跑道_尽头_的_时候_，_玛莉卡_也_只是_满不在乎_地_耸耸肩_。,2.71,1.45,0,3.31,3.48,3.4
14,14,14,CREATIVE,P06_P1,en,zh,P,1,P06,3,45688,45688,13962,27882,3844,14,26414,5312,10,23059,8667,5,20134,11592,3,18024,13702,2,4,0,0,0,0,0,0,0,0,44,38,44,38,0,0,0,0,8,44,10,19,0,---,也许_另外_一架_飞机_在_登机口_堵住_了_大门_。,2.35,1.32,0,2.38,1.3,1.84
15,15,15,CREATIVE,P06_P1,en,zh,P,1,P06,3,90407,90407,19240,67354,3813,19,66074,5093,16,62827,8340,11,53862,17305,4,45042,26125,1,3,0,0,0,0,0,0,0,0,52,46,52,46,0,0,0,0,9,40,11,17,0,---,此时_，_你_会_觉得_就要_有_广播_通知_了_。,2.83,1.84,0,2.33,2,2.17
1,1,16,CREATIVE,P06_T3,en,zh,T,3,P06,3,54695,54695,9720,39180,5795,24,35676,9299,15,33663,11312,12,24935,20040,6,11838,33137,2,2,0,0,0,0,0,0,0,0,78,75,78,75,0,0,0,0,2,11,1,2,0,---,上校,0.39,0.39,0,1,2,1.5
2,2,17,CREATIVE,P06_T3,en,zh,T,3,P06,3,47426,47426,1906,42068,3452,17,40536,4984,13,35565,9955,6,32013,13507,3,26986,18534,1,2,0,0,0,0,0,0,0,0,65,41,65,41,0,0,0,0,15,77,15,24,0,---,当_旗帜_升_起来_的_时候_，_叛军_已经_从_东边_包围_了_过来_。,1.97,1.19,0,5.2,6.07,5.63
3,3,18,CREATIVE,P06_T3,en,zh,T,3,P06,5,1974787,587202,1497912,446486,30389,137,432973,43902,104,398572,78303,56,365695,111180,32,315783,161092,16,14,0,0,0,0,0,0,0,0,457,385,457,385,0,0,0,0,39,208,47,72,0,---,当_上校_回到_游戏_中_的_时候_，_他们_已经_包围_了_大院_。_在此期间_，_他_处理_了_情报_，_找到_了_一个_有利_的_点_，_把_离_他们_最近_的_网络_专家_从床_中_抓_起来_，_并_将_她_按入_棋盘_中_。,2.2,1.42,0,9.56,5.3,7.43
4,4,19,CREATIVE,P06_T3,en,zh,T,3,P06,4,249374,249374,76127,154609,18638,63,149172,24075,49,132647,40600,26,110922,62325,11,104385,68862,9,16,0,0,0,0,0,0,0,0,256,195,256,195,0,0,0,0,18,103,34,61,0,---,热带雨林_把_他们_遮挡_地_严严实实_的_，_一般_的_肉眼_已经_看不到_他们_，_但是_上校_借来_的_眼睛_却_能_清晰_地_（_透过_树冠_）_看到_他们_发出_的_红外线_。,2.43,1.66,0,6.56,3.18,4.87
5,5,20,CREATIVE,P06_T3,en,zh,T,3,P06,3,379029,379029,152695,210085,16249,75,200680,25654,51,184499,41835,28,168087,58247,16,145654,80680,8,10,0,0,0,0,0,0,0,0,219,177,219,177,0,0,0,0,18,101,26,42,0,---,从_半个_世界_远_的_地方_，_他_可以_看到_每_一个_模糊不清_的_热印_从_贫瘠_的_树冠_中_经过_过滤_冒_了_上来_。,2.33,1.31,0,3.11,1.62,2.36
6,6,21,CREATIVE,P06_T3,en,zh,T,3,P06,4,189642,189642,35662,138081,15899,57,131918,22062,42,118956,35024,23,102627,51353,11,90672,63308,7,7,0,0,0,0,0,0,0,0,220,165,220,165,0,0,0,0,29,139,28,55,0,---,捕杀_厄瓜多尔_的_野生动物_带来_的_为数不多_的_好处_就是_，_在_这个_时代_，_错_把_一只_大猩猩_当成_一只_美洲虎_的_可能性_已经_不大_了_。,2.29,1.32,0,6,5.14,5.57
7,7,22,CREATIVE,P06_T3,en,zh,T,3,P06,4,1015130,223557,797399,210086,7645,52,205427,12304,40,192298,25433,21,175674,42057,10,159244,58487,5,9,0,0,0,0,0,0,0,0,132,103,132,103,0,0,0,0,17,86,19,29,0,---,“_我来_十三_”_，_中尉_说_，_在_屏幕_上用_假_颜色_的_斑点_记录_了_下来_。,1.98,0.83,0,2.71,2.32,2.51
8,8,23,CREATIVE,P06_T3,en,zh,T,3,P06,3,344929,344929,202685,130350,11894,49,124897,17347,34,113729,28515,19,101394,40850,10,80780,61464,3,8,0,0,0,0,0,0,0,0,152,127,152,127,0,0,0,0,15,59,15,25,0,---,在_一片_砍伐_干净_的_地段_中间_有_一群_乱糟糟_的_坦克_和_塔_。,2.91,1.8,0,8.27,7.4,7.83
9,9,24,CREATIVE,P06_T3,en,zh,T,3,P06,3,572999,572999,218010,346972,8017,47,341401,13588,32,334032,20957,23,321443,33546,13,300537,54452,7,10,0,0,0,0,0,0,0,0,139,93,139,93,0,0,0,0,26,137,29,46,0,---,有_一条_巨大_的_貌似_脐带_的_物体_从_泵站_的_中心_轻轻地_垂向_天空_。_脐带_物_的_上面_到处_都_有_成_对_的_提升_表面_。,2.44,1.27,0,5.04,4.83,4.93
10,10,25,CREATIVE,P06_T3,en,zh,T,3,P06,5,1676329,773277,175330,1475069,25930,144,1460507,40492,106,1429344,71655,62,1388827,112172,33,1342020,158979,18,10,0,0,0,0,0,0,0,0,343,273,343,273,0,0,0,0,29,170,38,70,0,---,再_往西_8_公里_—_再_移动_20_公里_—_径直_向上_，_这条线_的_末端_有_一个_浮空器_，_外形_有点像_一个_巨大_无比_就要_憋_破_肚皮_的_甲壳虫_，_将_硫酸_吐到_了_平流层_。,2.47,1.38,0,3.17,2.11,2.64
11,11,26,CREATIVE,P06_T3,en,zh,T,3,P06,4,1125929,832159,206183,885802,33944,157,869490,50256,116,833866,85880,65,792827,126919,36,729782,189964,17,23,0,0,0,0,0,0,0,0,430,353,430,353,0,0,0,0,33,161,42,77,0,---,当然_，_大院_的_周围_有_一睹_围墙_，_当然_是_那种_装有_铁丝网_的_老式_链环_。_这堵_围墙_与其说是_一种_障碍物_，_还_不如说是_让_人_联想起_过去_过_简单_日子_的_那些_年代_的_一种_物体_更为_贴切_。,2.64,1.47,0,5.55,3.76,4.65
1,1,16,CREATIVE,P08_P3,en,zh,P,3,P08,0,0,0,0,0,0,0,0,0,0,0,0,0,0,0,0,0,0,0,0,0,0,0,0,0,0,0,0,0,0,0,0,0,0,0,0,2,11,1,2,0,---,上校,0.39,0.39,0,1,2,1.5
2,2,17,CREATIVE,P08_P3,en,zh,P,3,P08,4,283763,283763,249981,29481,4301,13,28126,5656,9,26433,7349,6,24129,9653,4,17770,16012,2,5,0,0,0,0,0,0,0,0,47,48,47,48,0,0,0,0,15,77,14,24,0,---,当_旗帜_升起_时_，_叛乱分子_已经_在_从_东部_向_他们_驶来_。,1.97,1.19,0,4.87,5.43,5.15
3,3,18,CREATIVE,P08_P3,en,zh,P,3,P08,5,236413,236413,48822,171258,16333,56,164105,23486,38,150415,37176,20,141329,46262,13,125832,61759,8,25,0,0,0,0,0,0,0,0,183,183,183,183,0,0,0,0,39,208,41,64,0,---,等_上校_重回_战场_时_—_—_处理_了_情报_，_找到_了_有利_位置_，_就近_从_床上_抓来_了_一名_网络_专家_，_把_她_一把_按_在_主板_上_—_—_叛乱分子_已经_把_大院_包围_了_。,2.2,1.42,0,3.62,2.76,3.19
4,4,19,CREATIVE,P08_P3,en,zh,P,3,P08,3,165493,165493,112238,45985,7270,21,44405,8850,17,37713,15542,8,34040,19215,5,26078,27177,3,9,0,0,0,0,0,0,0,0,99,93,99,93,0,0,0,0,18,103,22,35,0,---,在_雨林_的_遮蔽_下_，_他们_隐藏_在_基线_视野_外_，_但_上校_的_千里眼_却_能_看穿_红外线_。,2.43,1.66,0,2.72,2.18,2.45
5,5,20,CREATIVE,P08_P3,en,zh,P,3,P08,2,207347,207347,113392,77123,16832,36,71083,22872,20,63380,30575,8,58803,35152,4,58803,35152,4,13,0,0,0,0,0,0,0,0,234,220,234,220,0,0,0,0,18,101,28,45,0,---,他_能_从_千里_之外_追踪_到_每_一个_模糊_的_热源_，_这些_热源_散发出_的_热量_不断_地_从_稀疏_的_树冠_中_散发_出来_。,2.33,1.31,0,4.59,2.07,3.33
6,6,21,CREATIVE,P08_P3,en,zh,P,3,P08,1,107091,107091,1360,99128,6603,19,96699,9032,13,93763,11968,9,90301,15430,6,80659,25072,3,7,0,0,0,0,0,0,0,0,90,86,90,86,0,0,0,0,29,139,21,43,0,---,厄瓜多尔_的_野生动物_被_毁灭_有_少数几个_好处_，_其中_之一_是_：_如今_，_不太会_把_游击队员_认成_捷豹_。,2.29,1.32,0,3.34,4.86,4.1
7,7,22,CREATIVE,P08_P3,en,zh,P,3,P08,2,233428,233428,47698,176953,8777,26,173766,11964,18,166539,19191,9,163673,22057,7,158599,27131,5,7,0,0,0,0,0,0,0,0,111,109,111,109,0,0,0,0,17,86,18,28,0,---,“_我_看到_了_十三个_，_”_中尉_边_说_边_清点_着_显示屏_上_伪色_斑点_。,1.98,0.83,0,3.06,2.28,2.67
8,8,23,CREATIVE,P08_P3,en,zh,P,3,P08,4,127033,127033,6653,108581,11799,28,102793,17587,14,98216,22164,7,93578,26802,3,87539,32841,1,10,0,0,0,0,0,0,0,0,138,131,138,131,0,0,0,0,15,59,14,24,0,---,在_中部_一个_清晰_的_地带_，_一堆_坦克_和_哨塔_散作_一团_。,2.91,1.8,0,5.2,5.93,5.56
9,9,24,CREATIVE,P08_P3,en,zh,P,3,P08,4,118511,118511,949,101239,16323,35,96820,20742,24,89526,28036,13,78458,39104,6,68558,49004,3,19,0,0,0,0,0,0,0,0,204,196,204,196,0,0,0,0,26,137,28,46,0,---,它们_的_中央_有_一个_泵站_，_泵站_延伸_出_一条_巨大_的_脐带_，_缓缓_升入_空中_。_脐带_的_两侧_布满_了_升起_的_平台_。,2.44,1.27,0,7.5,6.25,6.88
10,10,25,CREATIVE,P08_P3,en,zh,P,3,P08,2,264443,264443,869,243187,20387,63,236690,26884,47,221035,42539,26,202127,61447,14,186124,77450,9,15,0,0,0,0,0,0,0,0,280,277,280,277,0,0,0,0,29,170,34,57,0,---,由此_往西_8_公里_，_再_向上_延伸_20_公里_，_是_一个_浮空器_。_浮空器_在线_的_尽头_翻滚_，_像_一只_肿胀_的_虱_，_将_硫酸盐_呕吐_到_平流层_中_。,2.47,1.38,0,3.66,3.32,3.49
11,11,26,CREATIVE,P08_P3,en,zh,P,3,P08,1,389111,389111,7242,358307,23562,51,353504,28365,39,345155,36714,27,333707,48162,19,308035,73834,10,11,0,0,0,0,0,0,0,0,279,277,279,277,0,0,0,0,33,161,31,54,0,---,当然_，_在_大院_周围_有_一圈_栅栏_，_还有_老式_的_钢丝网_眼_栅栏_和_刺_钢丝_，_与其说是_屏障_，_倒不如说_是_对_以前_简单_时代_的_怀念_。,2.64,1.47,0,5,4.77,4.89
1,1,1,CREATIVE,P08_T1,en,zh,T,1,P08,2,88489,88489,592,86305,1592,2,86305,1592,2,85506,2391,1,85506,2391,1,85506,2391,1,1,0,0,0,0,0,0,0,0,21,16,21,16,0,0,0,0,1,13,2,4,0,---,不可_摧毁,3.55,1.31,0,2,1,1.5
2,2,2,CREATIVE,P08_T1,en,zh,T,1,P08,2,1.57499E+12,57146,1.57499E+12,44397,11114,16,42356,13155,11,38603,16908,6,36291,19220,4,28992,26519,2,5,0,0,0,0,0,0,0,0,143,116,143,116,0,0,0,0,15,99,15,27,0,---,”_专制_可能_是_我们_所见_的_政治_结构_的_唯一_替代性_组织_架构_“,1.92,1.1,0,3.07,2.87,2.97
3,3,3,CREATIVE,P08_T1,en,zh,T,1,P08,2,70066,70066,32331,32160,5575,14,29268,8467,7,27220,10515,4,24168,13567,2,24168,13567,2,4,0,0,0,0,0,0,0,0,76,61,76,61,0,0,0,0,4,22,7,15,0,---,—_詹姆斯_·_布坎南_，_1975_年,1.98,1.28,0,2.25,1,1.62
4,4,4,CREATIVE,P08_T1,en,zh,T,1,P08,2,153310,153310,2,140853,12455,29,138467,14841,22,130432,22876,11,122937,30371,6,116174,37134,3,7,0,0,0,0,0,0,0,0,185,147,185,147,0,0,0,0,25,133,23,38,0,---,玛丽_卡_·_莱德_曼_就是_在_这时_率先_意识_到_情况_很_不对劲_：_机场_的_警察_居然_没有_威胁_她_。,2.43,1.35,0,3.04,2.91,2.98
5,5,5,CREATIVE,P08_T1,en,zh,T,1,P08,1,59432,59432,1,47480,11951,21,44779,14652,14,38641,20790,5,34628,24803,2,32574,26857,1,0,0,0,0,0,0,0,0,0,160,128,160,128,0,0,0,0,12,67,18,32,0,---,让_她_感觉_不对劲_的_，_不是_在_太平洋_上空_的_那种_闪烁_、_断断续续_的_感觉_。,2.12,1.25,0,5,2.78,3.89
6,6,6,CREATIVE,P08_T1,en,zh,T,1,P08,2,131362,131362,2736,99572,29054,62,91512,37114,42,74563,54063,19,60252,68374,8,44485,84141,3,8,0,0,0,0,0,0,0,0,410,330,410,330,0,0,0,0,49,269,47,80,0,---,让_她_感觉_不对劲_的_，_也_不是_飞机_降落_时_居然_没有_空乘_，_也_不是_小鹿_乱撞_地_观看_《_与_安德烈_晚餐_》_高潮时_，_居然_前所未有_的_没人用_语音_打断_她_，_告诉_她_要_系好_安全带_，_把_座_椅背_调直_。,2.92,1.81,0,7.04,6.28,6.66
7,7,7,CREATIVE,P08_T1,en,zh,T,1,P08,2,220864,220864,2816,192980,25068,44,187805,30243,30,178056,39992,16,172579,45469,12,155237,62811,5,5,0,0,0,0,0,0,0,0,344,279,344,279,0,0,0,0,41,226,38,65,0,---,让_她_感觉_不对劲_的_，_居然_都_不是_透过_窗户_看到_的_奇怪_飞机_降落_场景_：_地面_的_一排排_灯_，_小汽车_成群_的_排成_列车_，_彼此_交织_在_一起_，_丝毫_没有_碰撞_。,2.77,1.44,0,3.37,3.61,3.49
8,8,8,CREATIVE,P08_T1,en,zh,T,1,P08,2,49726,49726,585,38258,10883,25,34516,14625,16,29727,19414,8,26159,22982,5,18625,30516,2,1,0,0,0,0,0,0,0,0,148,118,148,118,0,0,0,0,23,123,17,30,0,---,东边_的_高楼_，_正面_闪烁着_暗淡_的_光芒_，_宛如_被_甲壳虫_群_吞噬_一般_。,2.63,1.27,0,2.87,3.94,3.41
9,9,9,CREATIVE,P08_T1,en,zh,T,1,P08,2,77246,77246,1521,58148,17577,28,53562,22163,16,49414,26311,9,42879,32846,4,42879,32846,4,4,0,0,0,0,0,0,0,0,201,166,201,166,0,0,0,0,23,124,24,35,0,---,街道_旁_的_路灯_，_旧金山_网格_图_的_发亮_的_小_空隙_；_好像_比_一周_前_更_白_、_更亮_了_。,2.4,1.26,0,3.65,3.29,3.47
10,10,10,CREATIVE,P08_T1,en,zh,T,1,P08,2,26079,26079,172,20084,5823,12,18824,7083,9,14903,11004,3,11717,14190,1,11717,14190,1,1,0,0,0,0,0,0,0,0,97,75,97,75,0,0,0,0,8,50,13,22,0,---,可能_是_角度_不_一样_吧_，_玛丽_卡_漫不经心_的_想着_。,2.49,1.36,0,3.38,1.46,2.42
11,11,11,CREATIVE,P08_T1,en,zh,T,1,P08,2,21965,21965,679,17617,3669,6,17617,3669,6,14555,6731,2,13375,7911,1,13375,7911,1,1,0,0,0,0,0,0,0,0,43,36,43,36,0,0,0,0,5,20,4,7,0,---,光线_的_妙用_。,2.1,1.07,0,1.8,2.75,2.27
12,12,12,CREATIVE,P08_T1,en,zh,T,1,P08,2,45576,45576,1247,41738,2591,2,41424,2905,1,41424,2905,1,41424,2905,1,41424,2905,1,1,0,0,0,0,0,0,0,0,34,25,34,25,0,0,0,0,4,25,5,9,0,---,街边_的_艺术_装置_。,1.39,0.97,0,1.5,1,1.25
13,13,13,CREATIVE,P08_T1,en,zh,T,1,P08,1,72242,72242,1,63338,8903,16,62236,10005,13,58103,14138,7,54917,17324,5,52790,19451,4,0,0,0,0,0,0,0,0,0,141,108,141,108,0,0,0,0,29,138,20,33,0,---,就_连_ANA008_撞_到_地面_，_最终_停_在_跑_到_的_尽头_，_玛丽_卡_都_毫不在意_。,2.71,1.45,0,2.93,4.7,3.82
14,14,14,CREATIVE,P08_T1,en,zh,T,1,P08,1,27322,27322,1,21461,5860,12,18910,8411,5,17298,10023,3,16053,11268,2,12997,14324,1,0,0,0,0,0,0,0,0,0,78,61,78,61,0,0,0,0,8,44,11,17,0,---,可能_是_其他_的_飞机_占_着_登机口_了_吧_。,2.35,1.32,0,2.75,1.55,2.15
15,15,15,CREATIVE,P08_T1,en,zh,T,1,P08,1,215011,215011,1,207400,7610,12,206661,8349,10,204582,10428,7,202083,12927,5,192948,22062,2,0,0,0,0,0,0,0,0,0,89,70,89,70,0,0,0,0,9,40,11,19,0,---,居然_还_以为_机舱_会_广播_飞机_抵达_的_信息_。,2.83,1.84,0,4.44,3.82,4.13
1,1,16,CREATIVE,P09_P3,en,zh,P,3,P09,0,0,0,0,0,0,0,0,0,0,0,0,0,0,0,0,0,0,0,0,0,0,0,0,0,0,0,0,0,0,0,0,0,0,0,0,2,11,1,2,0,---,上校,0.39,0.39,0,1,2,1.5
2,2,17,CREATIVE,P09_P3,en,zh,P,3,P09,2,415899,209049,178031,234707,3161,19,231780,6088,11,230029,7839,8,221626,16242,2,221626,16242,2,2,0,0,0,0,0,0,0,0,46,47,46,47,0,0,0,0,15,77,12,24,0,---,当_旗帜_升起_时_，_叛乱分子_已经_改变方向_从_东部_赶来_。,1.97,1.19,0,3.93,5.33,4.63
3,3,18,CREATIVE,P09_P3,en,zh,P,3,P09,3,186128,186128,7633,176159,2336,24,173757,4738,18,169100,9395,11,165809,12686,9,156550,21945,6,14,0,0,0,0,0,0,0,0,57,56,57,56,0,0,0,0,39,208,44,65,0,---,等到_上校_回到_比赛_中_—_—_处理_了_情报_，_找到_了_一个_有利_位置_，_把_离_他_最近_的_网络_专家_从_床上_拽起来_，_并_将_她_摔_在_木板_上_—_—_他们_就_把_大院_包围_了_。,2.2,1.42,0,5.15,2.41,3.78
4,4,19,CREATIVE,P09_P3,en,zh,P,3,P09,4,2393627,561784,147190,2236040,10397,53,2227915,18522,34,2223391,23046,27,2216610,29827,22,2180250,66187,10,16,0,0,0,0,0,0,0,0,135,124,135,124,0,0,0,0,18,103,24,41,0,---,他们_隐藏_在_热带雨林_里_基本_视线_看不见_的_地方_，_但_上校_借来_的_光眼_却_能_很_好_地_看到_红外线_。,2.43,1.66,0,3.94,2.25,3.1
5,5,20,CREATIVE,P09_P3,en,zh,P,3,P09,4,193068,193068,44691,143682,4695,47,137253,11124,31,131418,16959,22,121527,26850,15,82623,65754,4,11,0,0,0,0,0,0,0,0,90,85,90,85,0,0,0,0,18,101,20,34,0,---,在_半个_世界_之外_，_他_追踪_着_每_一个_通过_枯竭_的_树冠_而_过滤出来_的_模糊_热印_。,2.33,1.31,0,2.67,2.45,2.56
6,6,21,CREATIVE,P09_P3,en,zh,P,3,P09,4,180721,180721,133547,43574,3600,19,41864,5310,15,38034,9140,9,32169,15005,5,22495,24679,2,9,0,0,0,0,0,0,0,0,79,80,79,80,0,0,0,0,29,139,18,38,0,---,厄瓜多尔_野生动物_灭绝_的_少数_好处_之一_是_：_如今_，_游击队_不太可能_把_误认_作_美洲豹_。,2.29,1.32,0,2.97,6.28,4.62
7,7,22,CREATIVE,P09_P3,en,zh,P,3,P09,3,251591,251591,129937,118456,3198,26,113111,8543,13,108825,12829,6,107321,14333,5,105186,16468,4,10,0,0,0,0,0,0,0,0,58,53,58,53,0,0,0,0,17,86,20,32,0,---,“_我_统计_了_十三个_，_”_中尉_一边_说_，_一边_计算_着_显示屏_上_的_假色_斑点_。,1.98,0.83,0,2.35,2.05,2.2
8,8,23,CREATIVE,P09_P3,en,zh,P,3,P09,4,416924,416924,186464,222505,7955,40,214020,16440,19,206129,24331,8,204246,26214,7,199539,30921,5,11,0,0,0,0,0,0,0,0,105,96,105,96,0,0,0,0,15,59,16,26,0,---,在_一个_清晰_的_斑点_中央_，_散落_着_一群_杂乱_的_坦克_和_塔楼_。,2.91,1.8,0,6.53,7.19,6.86
9,9,24,CREATIVE,P09_P3,en,zh,P,3,P09,3,565786,565786,78552,477968,9266,46,473180,14054,34,467217,20017,26,454643,32591,16,442378,44856,11,14,0,0,0,0,0,0,0,0,115,113,115,113,0,0,0,0,26,137,26,38,0,---,一条_巨大_的_脐带_，_其_长度_上_散布_着_成_对_的_升力_面_，_从_中心_的_泵站_缓缓_下垂_到_天空_中_。,2.44,1.27,0,3.42,2.96,3.19
10,10,25,CREATIVE,P09_P3,en,zh,P,3,P09,2,495461,495461,90679,388980,15802,76,380381,24401,55,364481,40301,33,343459,61323,20,323545,81237,13,20,0,0,0,0,0,0,0,0,219,212,219,212,0,0,0,0,29,170,37,62,0,---,再_往西_8_公里_处_，_直线_向上_20_公里_，_一个_航空器_在_脐带_末端_来回_颠簸_，_就_像_一只_巨大_而_肿胀_的_扁_虱_一样_，_将_硫酸盐_呕吐_到_平流层_中_。,2.47,1.38,0,4,2.89,3.45
11,11,26,CREATIVE,P09_P3,en,zh,P,3,P09,3,1407537,795992,73528,1312114,21895,127,1294980,39029,86,1272277,61732,55,1256704,77305,43,1198607,135402,21,40,0,0,0,0,0,0,0,0,297,299,297,299,0,0,0,0,33,161,26,50,0,---,当然_，_大院_周围_有_一道_栅栏_，_老式_的_链节_和_铁丝网_暗淡无光_，_与其说是_道_障碍_，_不如说是_怀旧_简单_时代_的_象征_。,2.64,1.47,0,2.7,2.65,2.68
1,1,1,CREATIVE,P09_T1,en,zh,T,1,P09,2,1.57404E+12,89551,1.57404E+12,47425,7,4,47425,7,4,47425,7,4,46203,1229,3,41607,5825,1,1,0,0,0,0,0,0,0,0,9,4,9,4,0,0,0,0,1,13,2,4,0,---,廉洁_清正,3.55,1.31,0,2,1,1.5
2,2,2,CREATIVE,P09_T1,en,zh,T,1,P09,2,208799,208799,53595,155184,20,23,154809,395,22,153908,1296,21,147847,7357,16,123940,31264,9,12,0,0,0,0,0,0,0,0,38,7,38,7,0,0,0,0,15,99,18,31,0,---,“_专制_可能_是_在组织上_替代_我们_所_观察_到_的_政治_结构_的_唯一_选择_。_”,1.92,1.1,0,5,3.78,4.39
3,3,3,CREATIVE,P09_T1,en,zh,T,1,P09,4,250738,250738,229968,20765,5,15,19604,1166,12,15060,5710,5,11940,8830,3,5866,14904,1,3,0,0,0,0,0,0,0,0,20,4,20,4,0,0,0,0,4,22,8,16,0,---,—_—_詹姆斯_·_布坎南_，_1975_年,1.98,1.28,0,3,1,2
4,4,4,CREATIVE,P09_T1,en,zh,T,1,P09,7,297560,297560,120737,175801,1022,37,174353,2470,33,172639,4184,30,158893,17930,21,118249,58574,8,13,0,0,0,0,0,0,0,0,112,61,112,61,0,0,0,0,25,133,24,51,0,---,机场_警察_并_没有_威胁_她_，_这时候_玛丽_卡_·_赖_德曼_（_Malika_Rydman_）_第一次_意识_到_某种_严重_不对劲_。,2.43,1.35,0,5.8,5.04,5.42
5,5,5,CREATIVE,P09_T1,en,zh,T,1,P09,7,408613,408613,332535,75969,109,10,75170,908,8,73511,2567,6,73511,2567,6,68737,7341,4,7,0,0,0,0,0,0,0,0,70,56,70,56,0,0,0,0,12,67,9,17,0,---,那_不是_太平洋_上_忽隐忽现_的_断裂_感_，,2.12,1.25,0,1.83,2.89,2.36
6,6,6,CREATIVE,P09_T1,en,zh,T,1,P09,7,806540,806540,99608,705855,1077,57,703901,3031,52,702154,4778,50,687518,19414,40,629604,77328,21,38,0,0,0,0,0,0,0,0,143,59,143,59,0,0,0,0,49,269,51,84,0,---,不是_在_降落_过程_中_不见_空乘_人员_的_奇怪_景象_，_也_不是_前所未有_的_事实_情况_—_—_她_可以_观看_《_与_安德烈_共_进晚餐_》_中_令人_血脉_贲张_的_整段_高潮_，_却_不_被_任何_提醒_她_要_注意_立式_桌椅_的_录音_打断_。,2.92,1.81,0,6.31,5.84,6.07
7,7,7,CREATIVE,P09_T1,en,zh,T,1,P09,6,880319,880319,140495,738905,919,59,736938,2886,54,731361,8463,47,708747,31077,32,672587,67237,22,27,0,0,0,0,0,0,0,0,62,62,62,62,0,0,0,0,41,226,36,65,0,---,那_甚至_不是_在_最终_着陆时_透过_窗户_瞥见_的_怪异_场面_：_车头灯_杂乱无章_地_摆放_在_地面_上_，_由_微型_车厢_组成_的_小小_火车_相互交织_，_却_从未_发生_过_碰撞_。,2.77,1.44,0,2.95,3.36,3.16
8,8,8,CREATIVE,P09_T1,en,zh,T,1,P09,4,840329,613376,245343,593936,1050,50,592337,2649,46,581312,13674,32,566885,28101,23,523632,71354,10,18,0,0,0,0,0,0,0,0,70,24,70,24,0,0,0,0,23,123,25,46,0,---,那座_摩天大厦_向_东方_移动_，_外墙_淹没_在_黑暗_里_闪烁_的_运动_之中_，_似乎_像是_被_一层_厚厚的_甲壳虫_吞噬_了_。,2.63,1.27,0,3.43,2.76,3.1
9,9,9,CREATIVE,P09_T1,en,zh,T,1,P09,5,374950,374950,244321,128556,2073,24,128072,2557,23,125061,5568,19,116255,14374,13,92866,37763,6,13,0,0,0,0,0,0,0,0,50,11,50,11,0,0,0,0,23,124,21,39,0,---,"那些_路灯_是_SanFran_轮廓_里_的_明亮_缝隙_,_不知_何故_，_竟比_一周_前_更_白_、_更亮_。",2.4,1.26,0,3.09,3.14,3.11
10,10,10,CREATIVE,P09_T1,en,zh,T,1,P09,4,257770,257770,209320,48302,148,15,48302,148,15,46760,1690,13,36847,11603,6,31068,17382,4,7,0,0,0,0,0,0,0,0,31,7,31,7,0,0,0,0,8,50,12,24,0,---,"只是_因为_着陆_角度_不同_罢了_,_玛丽_卡_模模糊糊_地想_。",2.49,1.36,0,3,1.5,2.25
11,11,11,CREATIVE,P09_T1,en,zh,T,1,P09,4,57443,57443,54970,2472,1,3,2472,1,3,1363,1110,1,0,2473,0,0,2473,0,5,0,0,0,0,0,0,0,0,8,0,8,0,0,0,0,0,5,20,6,9,0,---,这_就是_光_的_把戏_。,2.1,1.07,0,2.6,2,2.3
12,12,12,CREATIVE,P09_T1,en,zh,T,1,P09,2,69368,69368,63873,5491,4,2,5491,4,2,5491,4,2,3579,1916,1,0,5495,0,2,0,0,0,0,0,0,0,0,8,0,8,0,0,0,0,0,4,25,4,8,0,---,街头_艺术_装置_。,1.39,0.97,0,1,1,1
13,13,13,CREATIVE,P09_T1,en,zh,T,1,P09,2,241158,241158,115558,124722,878,24,124032,1568,22,119649,5951,16,118083,7517,15,87872,37728,6,7,0,0,0,0,0,0,0,0,18,28,18,28,0,0,0,0,29,138,20,37,0,---,甚至_当_ANA008_撞击_地面_并_拖行_停下_时_，_坐在_跑道_尽头_的_玛丽_卡_也_不予_理会_。,2.71,1.45,0,2.31,3.8,3.06
14,14,14,CREATIVE,P09_T1,en,zh,T,1,P09,4,482382,255781,202733,279637,12,13,279332,317,12,278259,1390,10,272916,6733,6,263196,16453,3,8,0,0,0,0,0,0,0,0,22,7,22,7,0,0,0,0,8,44,8,15,0,---,可能_是_其他_飞机_占据_了_登机口_。,2.35,1.32,0,1.75,1.5,1.62
15,15,15,CREATIVE,P09_T1,en,zh,T,1,P09,4,84907,84907,74459,10440,8,7,10440,8,7,7795,2653,4,2844,7604,1,0,10448,0,3,0,0,0,0,0,0,0,0,18,1,18,1,0,0,0,0,9,40,10,17,0,---,乘客_可能_还_以为_会_发表_公告_说明_呢_。,2.83,1.84,0,4.22,3.6,3.91
1,1,1,CREATIVE,P10_P1,en,zh,P,1,P10,2,144410,144410,11595,129795,3020,12,128130,4685,8,125098,7717,4,123132,9683,3,115882,16933,1,1,0,0,0,0,0,0,0,0,36,31,36,31,0,0,0,0,1,13,2,4,0,---,消除_腐败,3.55,1.31,0,2,1,1.5
2,2,2,CREATIVE,P10_P1,en,zh,P,1,P10,4,144036,144036,109036,31978,3022,18,29174,5826,11,26431,8569,6,20554,14446,2,16915,18085,1,6,0,0,0,0,0,0,0,0,63,66,63,66,0,0,0,0,15,99,14,27,0,---,“_专制_可能_是_我们_现行_政治体制_唯一_的_组织性_替代_办法_。_”,1.92,1.1,0,3.33,4.07,3.7
3,3,3,CREATIVE,P10_P1,en,zh,P,1,P10,2,29476,29476,24265,4547,664,6,4095,1116,5,2130,3081,2,0,5211,0,0,5211,0,1,0,0,0,0,0,0,0,0,38,12,38,12,0,0,0,0,4,22,6,26,0,---,—_James_Buchanan_，_1975_年,1.98,1.28,0,2,1,1.5
4,4,4,CREATIVE,P10_P1,en,zh,P,1,P10,6,271253,271253,86245,174137,10871,56,166926,18082,39,154488,30520,21,141656,43352,11,125696,59312,6,14,0,0,0,0,0,0,0,0,160,158,160,158,0,0,0,0,25,133,17,41,0,---,当_机场_警察_没有_威胁_她_时_，_Malika_Rydman_第一次_意识_到_，_情况严重_失常_。,2.43,1.35,0,4.83,6.65,5.74
5,5,5,CREATIVE,P10_P1,en,zh,P,1,P10,1,219,219,219,0,0,0,0,0,0,0,0,0,0,0,0,0,0,0,1,0,0,0,0,0,0,0,0,1,0,1,0,0,0,0,0,12,67,12,23,0,---,这_不是_太平洋_上_那种_恍惚_的_时光_中断_的_感觉_。,2.12,1.25,0,2.67,2.92,2.79
6,6,6,CREATIVE,P10_P1,en,zh,P,1,P10,2,338938,338938,34904,289743,14291,80,280560,23474,57,261185,42849,28,241906,62128,16,212840,91194,8,20,0,0,0,0,0,0,0,0,156,170,156,170,0,0,0,0,49,269,41,72,0,---,这_不是_因为_在_飞机_下降时_没有_乘务员_的_奇怪_现象_，_也_不是_因为_她_在_观看_”_我_和_安德烈_共_进晚餐_“_的_扣人心悬_的_高潮时_，_竟_没有_插入_提醒_她_将_座椅_调直_的_声音_。,2.92,1.81,0,4.69,6.22,5.46
7,7,7,CREATIVE,P10_P1,en,zh,P,1,P10,5,193620,193620,18518,162594,12508,62,153709,21393,39,141254,33848,21,135022,40080,16,106353,68749,8,20,0,0,0,0,0,0,0,0,140,135,140,135,0,0,0,0,41,226,44,70,0,---,甚至_不是_在_降落_前_从_窗外_看到_的_奇怪_景象_；_那_一条_在_地面_上_行走_的_车灯_线_，_这些_微小_的_汽车_形成_的_一条_车龙_，_在_没有_任何_碰撞_的_情况_下_编织_和_交错_在_一起_。,2.77,1.44,0,3.8,3.58,3.69
8,8,8,CREATIVE,P10_P1,en,zh,P,1,P10,6,325093,325093,56872,255990,12231,61,244814,23407,33,234213,34008,18,221957,46264,9,213787,54434,6,17,0,0,0,0,0,0,0,0,130,128,130,128,0,0,0,0,23,123,22,39,0,---,东边_那座_摩天大楼_，_外墙_仿佛_在_黑暗_闪烁_的_运动_中_沸腾_，_如同_被_一条_甲虫_地毯_所_吞没_。,2.63,1.27,0,2.96,2.86,2.91
9,9,9,CREATIVE,P10_P1,en,zh,P,1,P10,4,111887,111887,2515,106330,3042,22,104223,5149,17,98552,10820,9,94227,15145,6,94227,15145,6,7,0,0,0,0,0,0,0,0,41,30,41,30,0,0,0,0,23,124,22,40,0,---,相同_的_SanFran_区_的_街灯_、_明亮_的_小_装饰_；_不知_为什么_比_一周_前_更_白_、_更亮_。,2.4,1.26,0,3.35,3.68,3.51
10,10,10,CREATIVE,P10_P1,en,zh,P,1,P10,2,98657,98657,47109,48618,2930,19,47790,3758,17,41826,9722,9,36092,15456,4,33967,17581,3,4,0,0,0,0,0,0,0,0,34,33,34,33,0,0,0,0,8,50,10,23,0,---,不同_的_接近_角度_吧_，_Malika_模糊地_想着_。,2.49,1.36,0,1.75,1.2,1.48
11,11,11,CREATIVE,P10_P1,en,zh,P,1,P10,4,55806,55806,49258,3550,2998,8,1742,4806,3,0,6548,0,0,6548,0,0,6548,0,4,0,0,0,0,0,0,0,0,32,31,32,31,0,0,0,0,5,20,4,7,0,---,灯光_的_效应_。,2.1,1.07,0,1.8,2.75,2.27
12,12,12,CREATIVE,P10_P1,en,zh,P,1,P10,4,66708,66708,44366,17888,4454,9,16517,5825,6,14388,7954,3,14388,7954,3,8641,13701,1,4,0,0,0,0,0,0,0,0,38,39,38,39,0,0,0,0,4,25,4,8,0,---,街头_艺术_装潢_。,1.39,0.97,0,1,1,1
13,13,13,CREATIVE,P10_P1,en,zh,P,1,P10,5,316176,316176,43880,248313,23983,97,238202,34094,72,215374,56922,40,190256,82040,22,147146,125150,8,17,0,0,0,0,0,0,0,0,219,222,219,222,0,0,0,0,29,138,15,38,0,---,当_ANA008_落地_，_然后_在_跑道_的_尽头_暂时_停下_，_Malika_耸了耸肩_。,2.71,1.45,0,3.31,5.27,4.29
14,14,14,CREATIVE,P10_P1,en,zh,P,1,P10,3,67311,67311,24999,39611,2701,17,37908,4404,13,33638,8674,7,27842,14470,3,27842,14470,3,3,0,0,0,0,0,0,0,0,27,28,27,28,0,0,0,0,8,44,8,14,0,---,可能_还有_其它_飞机_堵_在_闸口_。,2.35,1.32,0,1.38,1.25,1.31
15,15,15,CREATIVE,P10_P1,en,zh,P,1,P10,3,55410,55410,28129,24348,2933,14,22623,4658,10,19463,7818,5,15154,12127,2,12468,14813,1,4,0,0,0,0,0,0,0,0,33,28,33,28,0,0,0,0,9,40,9,15,0,---,您_会_认为_应该_有_一次_广播_通知_。,2.83,1.84,0,1.22,1.22,1.22
1,1,16,CREATIVE,P10_T3,en,zh,T,3,P10,2,53884,53884,53883,0,1,0,0,1,0,0,1,0,0,1,0,0,1,0,1,0,0,0,0,0,0,0,0,3,0,3,0,0,0,0,0,2,11,1,2,0,---,上校,0.39,0.39,0,1,2,1.5
2,2,17,CREATIVE,P10_T3,en,zh,T,3,P10,3,302217,94326,255544,43659,3014,14,42382,4291,11,40804,5869,9,33409,13264,3,28577,18096,1,1,0,0,0,0,0,0,0,0,1250,1246,1250,1246,0,0,0,0,15,77,12,22,0,---,当_旗帜_升起_的_时候_，_叛乱分子_已经_从_东部_赶来_。,1.97,1.19,0,3.6,6.75,5.17
3,3,18,CREATIVE,P10_T3,en,zh,T,3,P10,3,208038,208038,69029,134534,4475,30,130219,8790,19,125374,13635,11,122417,16592,9,112365,26644,6,9,0,0,0,0,0,0,0,0,56,56,56,56,0,0,0,0,39,208,39,60,0,---,上校_回到_游戏_中_时_-_处理_了_情报_、_找到_了_有利_位置_、_将_最近_的_网络_专家_从_床上_揪_下来_，_并_将_她_放在_控制_盘_上_-_他们_已经_包围_了_建筑物_。,2.2,1.42,0,3.69,3.38,3.54
4,4,19,CREATIVE,P10_T3,en,zh,T,3,P10,2,20422,20422,18453,1164,805,2,775,1194,1,0,1969,0,0,1969,0,0,1969,0,2,0,0,0,0,0,0,0,0,9,8,9,8,0,0,0,0,18,103,20,33,0,---,雨林_使_他们_看不见_基线_视野_，_但_上校_借来_的_眼睛_却_能_很_好_地_看到_红外线_。,2.43,1.66,0,2.94,2.1,2.52
5,5,20,CREATIVE,P10_T3,en,zh,T,3,P10,2,20351,20351,16006,3803,542,6,2280,2065,2,1718,2627,1,0,4345,0,0,4345,0,2,0,0,0,0,0,0,0,0,12,11,12,11,0,0,0,0,18,101,24,39,0,---,在_半个_地球_以外_，_他_追踪_了_每个_模糊_的_热纹_，_这些_热纹_在_贫瘠_的_树冠_中_不断_向上_过滤_。,2.33,1.31,0,3.89,2.29,3.09
6,6,21,CREATIVE,P10_T3,en,zh,T,3,P10,3,252329,252329,132510,113922,5897,32,110275,9544,23,104533,15286,13,100957,18862,11,96006,23813,9,13,0,0,0,0,0,0,0,0,76,73,76,73,0,0,0,0,29,139,19,40,0,---,厄瓜多尔_野生_环境_灭绝_的_几个_好处_之一_，_就是_：_如今_，_不大可能_将_游击队_误认为_美洲虎_。,2.29,1.32,0,3.31,6.68,5
7,7,22,CREATIVE,P10_T3,en,zh,T,3,P10,3,215317,215317,105516,106824,2977,12,105186,4615,8,101468,8333,3,100376,9425,2,100376,9425,2,5,0,0,0,0,0,0,0,0,29,43,29,43,0,0,0,0,17,86,18,27,0,---,“_我数_的_是_十三_，_”_中尉_说_，_点数_了_显示屏_上_的_假色_斑点_。,1.98,0.83,0,2.47,2.39,2.43
8,8,23,CREATIVE,P10_T3,en,zh,T,3,P10,3,78388,78388,409,68003,9976,25,64372,13607,16,59284,18695,8,54231,23748,4,49982,27997,2,4,0,0,0,0,0,0,0,0,124,108,124,108,0,0,0,0,15,59,10,16,0,---,清晰_界定_中_的_坦克_与_塔楼_的_奔腾_。,2.91,1.8,0,4.67,7.4,6.03
9,9,24,CREATIVE,P10_T3,en,zh,T,3,P10,2,55516,55516,2937,51784,795,10,50475,2104,7,47546,5033,2,46436,6143,1,46436,6143,1,2,0,0,0,0,0,0,0,0,21,18,21,18,0,0,0,0,26,137,26,41,0,---,一条_巨大_的_脐带_，_沿其_长度_方向_散布_着_成_对_的_提升_表面_，_从_其_心脏_处_的_泵站_轻轻_垂入_天空_。,2.44,1.27,0,4.08,3.73,3.9
10,10,25,CREATIVE,P10_T3,en,zh,T,3,P10,2,336312,336312,51300,273027,11985,55,267416,17596,41,257254,27758,27,245696,39316,19,228469,56543,13,7,0,0,0,0,0,0,0,0,110,116,110,116,0,0,0,0,29,170,29,50,0,---,再_往西_八公里_处_，_直线_向上_二十公里_，_浮空器_在_行尾_翻滚_，_像_一只_硕大_、_膨胀_的_壁虱_，_将_硫酸盐_吐_到_平流层_中_。,2.47,1.38,0,3.21,2.86,3.03
11,11,26,CREATIVE,P10_T3,en,zh,T,3,P10,2,352421,352421,137181,209376,5864,23,207687,7553,19,201705,13535,10,198914,16326,8,195499,19741,7,8,0,0,0,0,0,0,0,0,60,61,60,61,0,0,0,0,33,161,26,48,0,---,当然_，_在_建筑物_周围_有_栅栏_，_旧式_链节_，_带有_剃刀_钢丝_拧_结_，_与其说是_障碍物_，_不如说是_对_旧时代_的_回忆_。,2.64,1.47,0,3.09,4.54,3.81
1,1,1,CREATIVE,P11_P1,en,zh,P,1,P11,2,831405,439,830967,0,438,0,0,438,0,0,438,0,0,438,0,0,438,0,1,0,0,0,0,0,0,0,0,5,2,5,2,0,0,0,0,1,13,1,2,0,---,清廉,3.55,1.31,0,1,1,1
2,2,2,CREATIVE,P11_P1,en,zh,P,1,P11,5,1967964,142243,1957016,6221,4727,6,4717,6231,2,4182,6766,1,4182,6766,1,0,10948,0,5,0,0,0,0,0,0,0,0,46,47,46,47,0,0,0,0,15,99,17,27,0,---,“_专制_可能_是_我们_所_观察_到_的_政治_结构_的_唯一_组织_形式_。_”,1.92,1.1,0,3.87,3.41,3.64
3,3,3,CREATIVE,P11_P1,en,zh,P,1,P11,5,222980,222980,134987,86218,1775,8,85372,2621,6,84719,3274,5,83100,4893,4,75318,12675,2,5,0,0,0,0,0,0,0,0,25,74,25,74,0,0,0,0,4,22,6,24,0,---,—_James_Buchanan_，_1975_年,1.98,1.28,0,2,1,1.5
4,4,4,CREATIVE,P11_P1,en,zh,P,1,P11,11,618653,618653,283557,319215,15881,46,313756,21340,33,307387,27709,24,300941,34155,20,282958,52138,13,25,0,0,0,0,0,0,0,0,213,189,213,189,0,0,0,0,25,133,20,44,0,---,Malika_Rydman_第一次_意识_到_情况_变得_极其_不_正常_时_是_在_机场_警察_没有_威胁_她_时_。,2.43,1.35,0,4.04,3.4,3.72
5,5,5,CREATIVE,P11_P1,en,zh,P,1,P11,12,813120,813120,392979,403861,16280,63,399063,21078,51,386055,34086,33,373131,47010,24,338791,81350,11,20,0,0,0,0,0,0,0,0,283,348,283,348,0,0,0,0,12,67,13,24,0,---,而_不是_在_太平洋_上空_有_那种_闪烁不定_的_不_连续感_时_。,2.12,1.25,0,6.08,4.31,5.2
6,6,6,CREATIVE,P11_P1,en,zh,P,1,P11,10,944167,944167,86182,834774,23211,93,825777,32208,69,807911,50074,44,783495,74490,28,757589,100396,19,44,0,0,0,0,0,0,0,0,513,462,513,462,0,0,0,0,49,269,66,123,0,---,不是_空乘_人员_在_飞机_降落_过程_中_突然_离奇_消失_，_也_不是_出现_了_前所未有_的_情况_—_她_可以_连续_观看_《_我_与_安德烈_共_进晚餐_》_(_My_Dinner_With_Andre_)_中_让_人_心跳_加速_的_高潮_部分_，_而_没有_一些_录制_好_的_语音_打断_她_，_提醒_她_要_收起_桌板_及_调直_桌椅_靠背_。,2.92,1.81,0,5.57,5.05,5.31
7,7,7,CREATIVE,P11_P1,en,zh,P,1,P11,7,553885,553885,302432,237775,13678,36,232872,18581,24,228440,23013,17,222068,29385,13,209247,42206,9,24,0,0,0,0,0,0,0,0,249,188,249,188,0,0,0,0,41,226,40,67,0,---,甚至_不是_飞机_最后_降落_时_她_透过_窗户_瞥见_的_的_奇异_景象_：_排成_一队_的_车头灯_在_地面_上_闪烁_，_那些_小车_组成_的_小_火车_交织_在_一起_，_却_从来不_会_相互_碰撞_。,2.77,1.44,0,5.44,5.41,5.42
8,8,8,CREATIVE,P11_P1,en,zh,P,1,P11,3,164987,164987,142741,19189,3057,9,17683,4563,5,15904,6342,3,13010,9236,1,13010,9236,1,4,0,0,0,0,0,0,0,0,32,63,32,63,0,0,0,0,23,123,18,32,0,---,东边_那座_摩天大楼_的_正面_在_黑暗_中闪_着_微光_，_如同_正_被_一群_甲虫_吞噬_。,2.63,1.27,0,2.43,3.67,3.05
9,9,9,CREATIVE,P11_P1,en,zh,P,1,P11,7,293846,293846,214781,74041,5024,14,72037,7028,9,69194,9871,5,69194,9871,5,64432,14633,4,12,0,0,0,0,0,0,0,0,90,53,90,53,0,0,0,0,23,124,20,41,0,---,路灯_-_SanFran_线框_上_细小_明亮_的_空隙_-_不知_怎么_比_一周_前_更_白_更亮_了_。,2.4,1.26,0,3.17,3.75,3.46
10,10,10,CREATIVE,P11_P1,en,zh,P,1,P11,5,184124,184124,119298,58592,6234,22,56340,8486,16,50067,14759,6,44758,20068,2,44758,20068,2,6,0,0,0,0,0,0,0,0,90,85,90,85,0,0,0,0,8,50,12,29,0,---,可能_是因为_接近_的_角度_不同_，_Malika_模模糊糊_地_认为_。,2.49,1.36,0,3.5,2.42,2.96
11,11,11,CREATIVE,P11_P1,en,zh,P,1,P11,3,6507,6507,2471,2236,1800,3,1348,2688,1,1348,2688,1,0,4036,0,0,4036,0,3,0,0,0,0,0,0,0,0,26,18,26,18,0,0,0,0,5,20,5,9,0,---,只是_灯光_的_把戏_。,2.1,1.07,0,2.2,2.2,2.2
12,12,12,CREATIVE,P11_P1,en,zh,P,1,P11,2,23174,23174,7744,15242,188,2,15242,188,2,15242,188,2,13835,1595,1,13835,1595,1,2,0,0,0,0,0,0,0,0,3,44,3,44,0,0,0,0,4,25,4,8,0,---,一种_街头_艺术_。,1.39,0.97,0,1.75,1.5,1.62
13,13,13,CREATIVE,P11_P1,en,zh,P,1,P11,3,130000,130000,108549,21120,331,7,20795,656,6,18072,3379,3,16767,4684,2,13096,8355,1,5,0,0,0,0,0,0,0,0,53,10,53,10,0,0,0,0,29,138,21,44,0,---,甚至_当_ANA008_撞_到_地上_，_挣扎_着_停_在_跑道_的_尽头_时_，_Malika_也_只是_耸了耸肩_。,2.71,1.45,0,2.93,3.86,3.39
14,14,14,CREATIVE,P11_P1,en,zh,P,1,P11,3,293309,293309,201047,86970,5292,18,84985,7277,13,82365,9897,9,77522,14740,6,74904,17358,5,11,0,0,0,0,0,0,0,0,66,70,66,70,0,0,0,0,8,44,10,16,0,---,可能_因为_有_另_一架_飞机_堵_在_前面_。,2.35,1.32,0,2.5,1.6,2.05
15,15,15,CREATIVE,P11_P1,en,zh,P,1,P11,2,30397,30397,2297,26975,1125,5,26975,1125,5,24874,3226,2,22992,5108,1,22992,5108,1,2,0,0,0,0,0,0,0,0,16,13,16,13,0,0,0,0,9,40,6,9,0,---,很快_会_贴_出_公告_。,2.83,1.84,0,3.67,6,4.83
1,1,16,CREATIVE,P11_T3,en,zh,T,3,P11,0,0,0,0,0,0,0,0,0,0,0,0,0,0,0,0,0,0,0,0,0,0,0,0,0,0,0,0,0,0,0,0,0,0,0,0,2,11,1,2,0,---,上校,0.39,0.39,0,1,2,1.5
1,1,16,CREATIVE,P12_P3,en,zh,P,3,P12,1,21966,21966,20930,791,245,1,791,245,1,0,1036,0,0,1036,0,0,1036,0,1,0,0,0,0,0,0,0,0,5,6,5,6,0,0,0,0,2,11,1,2,0,---,上校,0.39,0.39,0,0,0,0
2,2,17,CREATIVE,P12_P3,en,zh,P,3,P12,5,812703,117769,741605,69234,1864,7,68432,2666,5,65999,5099,2,65999,5099,2,65999,5099,2,3,0,0,0,0,0,0,0,0,20,23,20,23,0,0,0,0,15,77,12,21,0,---,就_在_旗帜_升起_时_，_叛乱分子_已经_从_东面_入侵_。,1.97,1.19,0,0,0,0
3,3,18,CREATIVE,P12_P3,en,zh,P,3,P12,6,58900406,721999,58271356,616038,13012,61,612560,16490,53,593158,35892,27,583422,45628,20,560932,68118,13,23,0,0,0,0,0,0,0,0,166,169,166,169,0,0,0,0,39,208,39,60,0,---,等_上校_回来_—_—_处理_了_军事情报_，_发现_了_一个_有利_位置_，_把_最近_的_网络_专家_从_床上_抓_起来_，_将_她_放在_桌案_前_—_—_他们_就_把_基地_包围_了_。,2.2,1.42,0,0,0,0
4,4,19,CREATIVE,P12_P3,en,zh,P,3,P12,3,337645,337645,230853,103284,3508,24,101402,5390,19,95898,10894,11,89876,16916,7,77821,28971,3,6,0,0,0,0,0,0,0,0,62,62,62,62,0,0,0,0,18,103,17,30,0,---,雨林_使_他们_看不到_基线_视野_，_但_上校_借来_的_眼睛_却_能_看清_红外线_。,2.43,1.66,0,0,0,0
5,5,20,CREATIVE,P12_P3,en,zh,P,3,P12,4,361461,361461,280706,77013,3742,14,75866,4889,11,74181,6574,8,71454,9301,6,55438,25317,1,9,0,0,0,0,0,0,0,0,49,48,49,48,0,0,0,0,18,101,19,31,0,---,他_跑遍_了_半个_地球_，_穿过_贫瘠_的_树冠_，_追踪_筛选_每_一个_模糊_的_热印_。,2.33,1.31,0,0,0,0
6,6,21,CREATIVE,P12_P3,en,zh,P,3,P12,2,276570,276570,99933,169406,7231,44,164289,12348,31,156211,20426,19,143617,33020,10,133677,42960,7,13,0,0,0,0,0,0,0,0,133,126,133,126,0,0,0,0,29,139,22,45,0,---,厄瓜多尔_野生动物_大量_毁灭_的_少数_好处_之一_是_：_如今_，_将_游击队员_误认为_美洲虎_的_可能性_已经_不_大_。,2.29,1.32,0,0,0,0
7,7,22,CREATIVE,P12_P3,en,zh,P,3,P12,4,362705,362705,139517,217106,6082,24,214735,8453,18,210031,13157,10,206033,17155,7,203424,19764,6,10,0,0,0,0,0,0,0,0,97,110,97,110,0,0,0,0,17,86,19,29,0,---,“_我_做_十三个_，_”_中尉_说_着_，_清点_了_一下_显示屏_上_的_假色_斑点_。,1.98,0.83,0,0,0,0
8,8,23,CREATIVE,P12_P3,en,zh,P,3,P12,4,246051,246051,31910,202160,11981,42,199362,14779,35,189210,24931,20,178624,35517,13,158288,55853,7,11,0,0,0,0,0,0,0,0,149,123,149,123,0,0,0,0,15,59,15,27,0,---,成群_的_坦克_中间_，_一辆_轮廓_清晰_的_坦克_上_装有_许多_发射塔_。,2.91,1.8,0,0,0,0
9,9,24,CREATIVE,P12_P3,en,zh,P,3,P12,5,640426,640426,196716,431691,12019,56,427439,16271,45,414347,29363,25,402702,41008,17,386926,56784,11,21,0,0,0,0,0,0,0,0,160,153,160,153,0,0,0,0,26,137,26,45,0,---,一个_巨大_的_脐带_状物_，_沿其_长度_方向_成对_的_升力_面_星罗棋布_，_从_它_心脏_的_泵站_缓缓_垂坠_，_伸入_空中_。,2.44,1.27,0,0,0,0
10,10,25,CREATIVE,P12_P3,en,zh,P,3,P12,3,466654,466654,97877,365935,2842,21,364659,4118,18,363035,5742,16,357464,11313,12,347103,21674,9,10,0,0,0,0,0,0,0,0,71,68,71,68,0,0,0,0,29,170,32,57,0,---,再_往西_8_公里_、_直上_20_多公里_，_一个_航空器_就_像_一只_肿胀_的_大_蜱_虫_，_在_队列_的_末端_颠簸_滚行_，_将_硫酸盐_喷入_平流层_。,2.47,1.38,0,0,0,0
11,11,26,CREATIVE,P12_P3,en,zh,P,3,P12,3,688285,688285,168745,500254,19286,95,494867,24673,81,467032,52508,42,453799,65741,32,419318,100222,21,35,0,0,0,0,0,0,0,0,265,260,265,260,0,0,0,0,33,161,36,57,0,---,当然_，_基地_周围_有_一圈_栅栏_，_老式_链状_的_利刃_型_铁丝网_，_此时_已结_了_霜_。_比起_隔护_的_功用_，_它_倒_更_像是_对_那些_古朴_时代_的_追忆_。,2.64,1.47,0,0,0,0
1,1,1,CREATIVE,P12_T1,en,zh,T,1,P12,2,15703,15703,15699,0,4,0,0,4,0,0,4,0,0,4,0,0,4,0,2,0,0,0,0,0,0,0,0,6,0,6,0,0,0,0,0,1,13,2,4,0,---,不流_世俗,3.55,1.31,0,2,1,1.5
2,2,2,CREATIVE,P12_T1,en,zh,T,1,P12,2,187348,187348,76334,108749,2265,5,108356,2658,4,107390,3624,3,106236,4778,2,106236,4778,2,5,0,0,0,0,0,0,0,0,53,24,53,24,0,0,0,0,15,99,17,29,0,---,“_专制主义_可能_是_我们_所_观察_到_的_政治_结构_的_唯一_组织_形式_。_”,1.92,1.1,0,3.47,3.06,3.26
3,3,3,CREATIVE,P12_T1,en,zh,T,1,P12,3,128046,128046,50381,75351,2314,16,73698,3967,12,71415,6250,9,69105,8560,7,56515,21150,3,5,0,0,0,0,0,0,0,0,41,36,41,36,0,0,0,0,4,22,9,18,0,---,—_—_詹姆斯_·_布坎南_（_1975_年_）,1.98,1.28,0,3.75,1,2.38
4,4,4,CREATIVE,P12_T1,en,zh,T,1,P12,3,4101575,174416,3980137,119844,1594,9,119844,1594,9,116661,4777,5,116661,4777,5,108551,12887,3,6,0,0,0,0,0,0,0,0,22,33,22,33,0,0,0,0,25,133,21,36,0,---,这是_马里_卡_·_吕_德曼_第一次_意识_到_事情_严重_紊乱_的_时刻_：_机场_警察_没有_威胁_她_。,2.43,1.35,0,2.64,2.9,2.77
5,5,5,CREATIVE,P12_T1,en,zh,T,1,P12,4,153812,153812,145636,6380,1796,5,6075,2101,4,4477,3699,2,3277,4899,1,0,8176,0,5,0,0,0,0,0,0,0,0,26,25,26,25,0,0,0,0,12,67,9,16,0,---,这_不是_太平洋_上空_闪烁_的_间断_感_。,2.12,1.25,0,2.17,3.78,2.97
6,6,6,CREATIVE,P12_T1,en,zh,T,1,P12,4,460436,460436,72960,384414,3062,29,382980,4496,25,379067,8409,20,373714,13762,16,363747,23729,13,25,0,0,0,0,0,0,0,0,140,50,140,50,0,0,0,0,49,269,54,90,0,---,也_不是_空乘_人员_在_飞机_降落_时_的_离奇_缺席_，_或是_一个_前所未有_的_事实_：_她_可以_看到_《_我_和_安德烈_共_进晚餐_》_中_让_人_心跳_加速_的_整个_高潮_部分_，_而_不会_被_一些_预先录制_的_声音_打断_，_提醒_她_桌椅_要_竖直_摆放_。,2.92,1.81,0,4.08,3.37,3.73
7,7,7,CREATIVE,P12_T1,en,zh,T,1,P12,2,554012,554012,97247,449034,7731,40,447746,9019,37,435420,21345,20,428403,28362,15,403429,53336,7,15,0,0,0,0,0,0,0,0,136,96,136,96,0,0,0,0,41,226,35,62,0,---,这_甚至_不是_透过_窗户_瞥见_的_最后_进场_的_奇异_景象_：_排成_康加_舞长列_的_前灯_掉落在_地上_，_那些_小车_组成_的_小_火车_交织_在_一起_，_从未_发生_碰撞_。,2.77,1.44,0,2.39,3,2.7
8,8,8,CREATIVE,P12_T1,en,zh,T,1,P12,7,790132,521705,726063,55070,8999,22,53370,10699,18,49144,14925,12,43163,20906,8,23913,40156,3,9,0,0,0,0,0,0,0,0,103,95,103,95,0,0,0,0,23,123,21,39,0,---,东边_那座_摩天大楼_的_正面_在_黑暗_的_微光_闪烁_中_熊熊燃烧_，_好像_被_一群_甲虫_吞噬_了_似的_。,2.63,1.27,0,3.48,4,3.74
9,9,9,CREATIVE,P12_T1,en,zh,T,1,P12,6,397720,106349,304824,91103,1793,7,90680,2216,6,90680,2216,6,89489,3407,5,87096,5800,4,14,0,0,0,0,0,0,0,0,66,20,66,20,0,0,0,0,23,124,26,45,0,---,就_连_街灯_，_香之良品_（_SanFran_）_线框_上_细小_明亮_的_空隙_：_不知_怎地_也_比_一周_前_更_白_更亮_了_。,2.4,1.26,0,3.83,3.35,3.59
10,10,10,CREATIVE,P12_T1,en,zh,T,1,P12,2,146323,146323,68400,74107,3816,15,73149,4774,13,70372,7551,9,62316,15607,4,58728,19195,3,6,0,0,0,0,0,0,0,0,64,49,64,49,0,0,0,0,8,50,10,18,0,---,角度_不同_吧_，_马里_卡_心不在焉_地_思索_。,2.49,1.36,0,2.62,1.9,2.26
11,11,11,CREATIVE,P12_T1,en,zh,T,1,P12,2,27296,27296,527,23020,3749,16,20280,6489,9,20280,6489,9,12336,14433,3,7314,19455,1,2,0,0,0,0,0,0,0,0,38,33,38,33,0,0,0,0,5,20,4,6,0,---,灯光_弄_人_。,2.1,1.07,0,2.4,3.5,2.95
12,12,12,CREATIVE,P12_T1,en,zh,T,1,P12,3,86272,86272,34564,48431,3277,14,48062,3646,13,43567,8141,7,38558,13150,4,36006,15702,3,3,0,0,0,0,0,0,0,0,33,25,33,25,0,0,0,0,4,25,4,8,0,---,街头_艺术_装置_。,1.39,0.97,0,1,1,1
13,13,13,CREATIVE,P12_T1,en,zh,T,1,P12,5,167753,167753,142795,23660,1298,5,23163,1795,4,22488,2470,3,21075,3883,2,19031,5927,1,6,0,0,0,0,0,0,0,0,60,19,60,19,0,0,0,0,29,138,23,41,0,---,就_连_ANA008_撞_到_地上_，_挣扎_着_停下来_，_坐在_跑道_的_尽头_时_，_马里_卡_也_只是_耸了耸肩_。,2.71,1.45,0,2.86,3.83,3.34
14,14,14,CREATIVE,P12_T1,en,zh,T,1,P12,2,80591,80591,37293,42691,607,7,42320,978,6,41176,2122,4,39541,3757,3,37219,6079,2,4,0,0,0,0,0,0,0,0,24,11,24,11,0,0,0,0,8,44,8,13,0,---,可能_是_另_一架_飞机_在_拱门_。,2.35,1.32,0,2.25,2.12,2.19
15,15,15,CREATIVE,P12_T1,en,zh,T,1,P12,2,32290,32290,30857,1427,6,1,1427,6,1,1427,6,1,0,1433,0,0,1433,0,2,0,0,0,0,0,0,0,0,9,0,9,0,0,0,0,0,9,40,6,9,0,---,你_以为_会_有_公告_。,2.83,1.84,0,1.22,2.17,1.69
1,1,16,CREATIVE,P13_P3,en,zh,P,3,P13,0,0,0,0,0,0,0,0,0,0,0,0,0,0,0,0,0,0,0,0,0,0,0,0,0,0,0,0,0,0,0,0,0,0,0,0,2,11,1,2,0,---,上校,0.39,0.39,0,1,2,1.5
2,2,17,CREATIVE,P13_P3,en,zh,P,3,P13,3,342565,84229,296498,42491,3576,4,42133,3934,3,42133,3934,3,40402,5665,2,40402,5665,2,2,0,0,0,0,0,0,0,0,51,53,51,53,0,0,0,0,15,77,13,22,0,---,当_旗帜_升起_时_，_叛乱分子_已经_从_东边_开_了_过来_。,1.97,1.19,0,4.47,6.31,5.39
3,3,18,CREATIVE,P13_P3,en,zh,P,3,P13,3,424496,424496,185874,210693,27929,76,199133,39489,47,181607,57015,22,175921,62701,18,156728,81894,11,34,0,0,0,0,0,0,0,0,346,325,346,325,0,0,0,0,39,208,58,86,0,---,当_上校_“_重回_赛场_”_之_时_—_—_在_这_之前_，_他_先是_了解_了_情报_，_然后_找到_一个_有利_的_位置_，_再_把_身边_最近_的_网络_专家_从_床上_拽起来_，_又_将_她_重重地_摔_在_地上_—_—_这些_人_已经_把_整个_军事_区_给_包围_了_。,2.2,1.42,0,4.95,2.72,3.83
4,4,19,CREATIVE,P13_P3,en,zh,P,3,P13,5,537745,277351,439547,83578,14620,44,78955,19243,32,67250,30948,15,54466,43732,6,49806,48392,4,10,0,0,0,0,0,0,0,0,184,171,184,171,0,0,0,0,18,103,24,42,0,---,雨林_将_他们_隐藏_起来_，_普通_的_视野_无法_看见_，_但_上校_透过_屏幕_还是_能_看到_他们_发出_的_红外线_。,2.43,1.66,0,4.67,3.54,4.1
5,5,20,CREATIVE,P13_P3,en,zh,P,3,P13,3,335719,335719,164542,165425,5752,22,163921,7256,18,159078,12099,10,152984,18193,5,144727,26450,3,11,0,0,0,0,0,0,0,0,76,73,76,73,0,0,0,0,18,101,22,34,0,---,他_从_半个_世界_远_的_地方_追踪_着_每_一个_透过_稀疏_树冠_所_看到_的_模糊_的_热_成像_。,2.33,1.31,0,3.78,3.18,3.48
6,6,21,CREATIVE,P13_P3,en,zh,P,3,P13,3,173629,173629,98253,67046,8330,25,64020,11356,18,56516,18860,7,55230,20146,6,42339,33037,3,10,0,0,0,0,0,0,0,0,121,111,121,111,0,0,0,0,29,139,23,49,0,---,厄瓜多尔_野生动物_被_毁灭_的_少数几个_好处_之一_就是_：_如今_，_基本_不_大会_将_一名_游击队员_错认_成是_一只_美洲虎_。,2.29,1.32,0,3.62,5.26,4.44
7,7,22,CREATIVE,P13_P3,en,zh,P,3,P13,5,296226,296226,108626,182506,5094,22,181191,6409,18,177006,10594,12,171152,16448,8,160028,27572,5,12,0,0,0,0,0,0,0,0,78,78,78,78,0,0,0,0,17,86,16,28,0,---,“_我_找到_十三个_。_”_中尉_数着_显示屏_上_的_假彩色_的_斑点_说道_。,1.98,0.83,0,3.29,2.62,2.96
8,8,23,CREATIVE,P13_P3,en,zh,P,3,P13,7,58062,58062,26021,27328,4713,18,24490,7551,11,21593,10448,7,17402,14639,4,9250,22791,1,11,0,0,0,0,0,0,0,0,60,56,60,56,0,0,0,0,15,59,13,19,0,---,在_清晰_的_画面_中央_是_一堆_杂乱_的_罐_和_塔_。,2.91,1.8,0,5,5.54,5.27
9,9,24,CREATIVE,P13_P3,en,zh,P,3,P13,8,1154708,1154708,340760,783216,30732,102,775773,38175,84,746732,67216,44,736799,77149,37,693949,119999,23,38,0,0,0,0,0,0,0,0,385,372,385,372,0,0,0,0,26,137,32,50,0,---,有_一根_巨大_的_脐带_样_的_管子_，_沿着_管子_是_成_对_的_升力_装置_，_管子_从_其_中心_的_泵站_延伸_出去_，_轻轻地_耷拉_在_空中_。,2.44,1.27,0,4.58,2.47,3.52
10,10,25,CREATIVE,P13_P3,en,zh,P,3,P13,6,463435,463435,172190,281671,9574,54,275796,15449,39,268025,23220,28,260197,31048,22,227775,63470,13,26,0,0,0,0,0,0,0,0,146,142,146,142,0,0,0,0,29,170,36,57,0,---,向西_8_公里_，_再_向上_20_公里_，_在_这根_管子_的_末端_是_一个_浮空器_，_样子_就_像_一个_膨胀_的_对_勾_，_不停_地_将_硫化物_喷吐_入_平流层_中_。,2.47,1.38,0,3.97,2.78,3.37
11,11,26,CREATIVE,P13_P3,en,zh,P,3,P13,3,327687,327687,97114,216527,14046,53,211060,19513,40,200976,29597,26,185203,45370,14,171441,59132,10,22,0,0,0,0,0,0,0,0,199,185,199,185,0,0,0,0,33,161,40,66,0,---,当然_，_在_军事_区_的_周围_还有_一个_栅栏_，_但_老式_的_链索_与_铁丝网_都_结霜_了_，_与其说_其是_一种_屏障_，_倒不如说_它_是_一个_能_让_人_想起_曾经_简单_岁月_的_旧物_。,2.64,1.47,0,3.48,2.83,3.15
1,1,1,CREATIVE,P13_T1,en,zh,T,1,P13,5,416885,416885,331641,78136,7108,14,75123,10121,6,73242,12002,3,71897,13347,2,67610,17634,1,5,0,0,0,0,0,0,0,0,87,82,87,82,0,0,0,0,1,13,1,4,0,---,坚不可摧,3.55,1.31,0,1,1,1
2,2,2,CREATIVE,P13_T1,en,zh,T,1,P13,5,275118,275118,152731,111591,10796,26,107805,14582,16,102902,19485,9,100178,22209,7,94422,27965,5,6,0,0,0,0,0,0,0,0,137,111,137,111,0,0,0,0,15,99,13,26,0,---,专制政府_也许_是_我们_的_政治_体系_之外_唯一_可选_的_政治_体系,1.92,1.1,0,2.87,3.62,3.24
3,3,3,CREATIVE,P13_T1,en,zh,T,1,P13,16,590378,590378,407491,157030,25857,65,151472,31415,51,130078,52809,19,113064,69823,8,102488,80399,5,16,0,0,0,0,0,0,0,0,326,311,326,311,0,0,0,0,4,22,6,15,0,---,詹姆斯_·_布坎南_于_1975_年,1.98,1.28,0,3,1.5,2.25
4,4,4,CREATIVE,P13_T1,en,zh,T,1,P13,20,956599,956599,462009,455526,39064,137,440580,54010,99,413514,81076,59,381990,112600,37,337273,157317,23,28,0,0,0,0,0,0,0,0,507,470,507,470,0,0,0,0,25,133,21,36,0,---,直到_发现_机场_警察_并_无_威胁_她_的_意思_，_玛莉卡_·_雷德_曼才_意识_到_事情_很_不对劲_。,2.43,1.35,0,5.36,8.9,7.13
5,5,5,CREATIVE,P13_T1,en,zh,T,1,P13,11,443892,443892,209178,219725,14989,46,215386,19328,35,204289,30425,19,193688,41026,12,179098,55616,7,23,0,0,0,0,0,0,0,0,198,171,198,171,0,0,0,0,12,67,16,28,0,---,尽管_太平洋_上空_她_曾_有_一闪而过_的_一种_“_时间_中断_”_的_感受_；,2.12,1.25,0,6.17,3.31,4.74
6,6,6,CREATIVE,P13_T1,en,zh,T,1,P13,13,680129,680129,247709,388263,44157,138,374748,57672,105,342844,89576,59,313992,118428,39,244171,188249,18,34,0,0,0,0,0,0,0,0,601,514,601,514,0,0,0,0,49,269,53,86,0,---,尽管_在_她_飞机_下降_过程_中_机组_服务_人员_突然_消失_；_尽管_她_意外_地_可以_看_完_《_与_安德烈_晚餐_》_的_整个_令人_血脉_喷张_的_高潮_部分_，_而_没有_受到_提醒_她_“_收起_小桌_板_调直_座椅_靠背_”_的_飞机_广播_的_打扰_；,2.92,1.81,0,6.02,4.25,5.13
7,7,7,CREATIVE,P13_T1,en,zh,T,1,P13,10,582755,582755,248023,291404,43328,133,274144,60588,90,251240,83492,55,220345,114387,32,170408,164324,16,28,0,0,0,0,0,0,0,0,593,516,593,516,0,0,0,0,41,226,45,78,0,---,尽管_飞机_最后_进场_时候_她_无意_中_瞥见_了_窗外_的_奇怪_景象_：_地面_上_，_车灯_整齐_地_连成_一条线_，_一辆辆_小汽车_就_像_编_辫子_一样_穿_连在一起_，_没有_碰撞_，_就_如_一串串_小_火车_一样_行驶_。,2.77,1.44,0,5.59,5.4,5.49
8,8,8,CREATIVE,P13_T1,en,zh,T,1,P13,9,926166,926166,272342,625021,28803,102,615700,38124,78,595258,58566,47,569958,83866,28,539845,113979,18,17,0,0,0,0,0,0,0,0,370,337,370,337,0,0,0,0,23,123,17,32,0,---,摩天大楼_飞_向_东方_，_一点点_闪烁着_消失_在_黑暗_中_，_就_如万蚁_噬象_一般_。,2.63,1.27,0,2.35,3.62,2.99
9,9,9,CREATIVE,P13_T1,en,zh,T,1,P13,7,624165,624165,269723,338052,16390,54,331760,22682,39,318228,36214,22,302527,51915,12,299331,55111,11,18,0,0,0,0,0,0,0,0,219,182,219,182,0,0,0,0,23,124,23,37,0,---,机场_的_街灯_，_还有_提示_“_旧金山_”_的_灯牌_似乎_都_比_一周_前_看上去_更加_白_，_更加_亮_。,2.4,1.26,0,3.09,3.48,3.28
10,10,10,CREATIVE,P13_T1,en,zh,T,1,P13,6,304695,304695,227654,68564,8477,21,65786,11255,14,62005,15036,9,54407,22634,3,52123,24918,2,11,0,0,0,0,0,0,0,0,114,92,114,92,0,0,0,0,8,50,13,22,0,---,玛莉卡_也_只是_觉得_这_大约_是_飞机_头_的_角度_问题_，,2.49,1.36,0,7.38,2.92,5.15
11,11,11,CREATIVE,P13_T1,en,zh,T,1,P13,5,97824,97824,63196,28534,6094,15,27542,7086,12,22948,11680,5,20730,13898,3,17630,16998,2,4,0,0,0,0,0,0,0,0,79,71,79,71,0,0,0,0,5,20,5,9,0,---,或是_光骗_了_眼睛_，,2.1,1.07,0,4,4,4
12,12,12,CREATIVE,P13_T1,en,zh,T,1,P13,4,185893,185893,157986,24660,3247,11,23031,4876,7,21190,6717,4,20178,7729,3,20178,7729,3,5,0,0,0,0,0,0,0,0,54,39,54,39,0,0,0,0,4,25,9,15,0,---,又_或是_街头_艺术_在_搞_什么_事情_。,1.39,0.97,0,3.5,1,2.25
13,13,13,CREATIVE,P13_T1,en,zh,T,1,P13,5,197091,197091,28346,139570,29175,77,130673,38072,55,109492,59253,26,91168,77577,13,75707,93038,7,10,0,0,0,0,0,0,0,0,335,275,335,275,0,0,0,0,29,138,33,60,0,---,哪怕_是_她_所_乘坐_的_ANA008_号_飞机_颠簸_地_落地_，_然后_吃力_地_停下_，_最后_停_在_跑道_的_尽头_一动不动_的_时候_，_玛莉卡_甚至_都_没当回事_。,2.71,1.45,0,3.52,2.61,3.06
14,14,14,CREATIVE,P13_T1,en,zh,T,1,P13,9,306058,306058,159420,139111,7527,17,137442,9196,13,130678,15960,4,130678,15960,4,125846,20792,3,11,0,0,0,0,0,0,0,0,107,91,107,91,0,0,0,0,8,44,11,16,0,---,也许_是_其他_飞机_占_了_前面_的_道_呢_。,2.35,1.32,0,5,1.91,3.45
15,15,15,CREATIVE,P13_T1,en,zh,T,1,P13,8,197520,197520,116225,76757,4538,11,76267,5028,10,75594,5701,9,71310,9985,6,62256,19039,3,15,0,0,0,0,0,0,0,0,68,47,68,47,0,0,0,0,9,40,14,21,0,---,到_了_这个_时候_，_你_自然_地_期待_会_有_广播_提示_。,2.83,1.84,0,3.22,1.79,2.5
1,1,1,CREATIVE,P14_P1,en,zh,P,1,P14,2,5510,5510,5507,0,3,0,0,3,0,0,3,0,0,3,0,0,3,0,1,0,0,0,0,0,0,0,0,5,0,5,0,0,0,0,0,1,13,1,4,0,---,坚不可摧,3.55,1.31,0,0,0,0
2,2,2,CREATIVE,P14_P1,en,zh,P,1,P14,6,3798553,218264,2715323,1068248,14982,44,1064806,18424,35,1054780,28450,21,1044668,38562,14,1014120,69110,5,8,0,0,0,0,0,0,0,0,232,256,232,256,0,0,0,0,15,99,16,29,0,---,“_专制主义_也许_是_我们_所_考察_的_政治_结构_的_唯一_组织_替代者_。_”,1.92,1.1,0,0,0,0
3,3,3,CREATIVE,P14_P1,en,zh,P,1,P14,3,32233,32233,3222,25955,3056,15,24121,4890,10,22660,6351,8,17526,11485,4,8797,20214,1,4,0,0,0,0,0,0,0,0,64,30,64,30,0,0,0,0,4,22,12,34,0,---,—_—_詹姆斯_·_布坎南_（_James_Buchanan_）_，_1975_年,1.98,1.28,0,0,0,0
4,4,4,CREATIVE,P14_P1,en,zh,P,1,P14,5,2644967,168962,2513633,116969,14365,43,110487,20847,27,102092,29242,15,92215,39119,8,79230,52104,3,9,0,0,0,0,0,0,0,0,162,163,162,163,0,0,0,0,25,133,25,51,0,---,这是_玛莉卡_·_莱德_曼_（_Malika_Rydman_）_最初_意识_到_完全_不对劲_的_时刻_：_那_时空_警并_不是_在_威胁_她_。,2.43,1.35,0,0,0,0
5,5,5,CREATIVE,P14_P1,en,zh,P,1,P14,5,307737,307737,161594,136685,9458,33,130931,15212,18,124796,21347,9,122382,23761,7,111964,34179,4,8,0,0,0,0,0,0,0,0,121,121,121,121,0,0,0,0,12,67,11,19,0,---,那_并_不是_在_太平洋_上_忽隐忽现_的_颠簸_感_。,2.12,1.25,0,0,0,0
6,6,6,CREATIVE,P14_P1,en,zh,P,1,P14,6,1494397,755967,185311,1273575,35511,88,1264017,45069,64,1250952,58134,45,1236889,72197,33,1193944,115142,20,20,0,0,0,0,0,0,0,0,417,423,417,423,0,0,0,0,49,269,42,72,0,---,不是_降落_过程_中_空乘_未_出现_的_怪现象_，_也_不是_史无前例_地_她_可以_看_完_《_与_安德烈_晚餐_》_整个_惊心动魄_的_高潮_部分_，_而_没有_广播_提醒_她_收起_小桌_板_，_扶直_座椅_靠背_。,2.92,1.81,0,0,0,0
7,7,7,CREATIVE,P14_P1,en,zh,P,1,P14,4,1021498,782069,114809,845881,60808,155,822401,84288,96,794071,112618,53,780001,126688,42,735789,170900,25,29,0,0,0,0,0,0,0,0,701,712,701,712,0,0,0,0,41,226,35,63,0,---,甚至_不是_最后_着陆时_透过_窗户_瞥见_的_奇怪_景象_：_连成_小_火车_一般_的_小汽车_交织_在_一起_却_从未_相互_碰撞_，_像_跳_康加舞_般的_车前灯_照射_在_地面_上_。,2.77,1.44,0,0,0,0
8,8,8,CREATIVE,P14_P1,en,zh,P,1,P14,6,878731,878731,454816,387767,36148,109,366083,57832,55,347066,76849,28,341633,82282,24,300702,123213,12,15,0,0,0,0,0,0,0,0,404,400,404,400,0,0,0,0,23,123,25,44,0,---,那座_摩天大楼_的_表面_好像_沸腾_了_似的_，_在_黑暗_中_闪闪发光_，_向东_移动_着_，_仿佛_被_一片_甲虫_吞噬_了_。,2.63,1.27,0,0,0,0
9,9,9,CREATIVE,P14_P1,en,zh,P,1,P14,5,694693,441663,163992,519793,10908,33,515766,14935,22,508115,22586,11,501607,29094,7,497612,33089,6,9,0,0,0,0,0,0,0,0,128,115,128,115,0,0,0,0,23,124,25,40,0,---,恰好_出现_的_街灯_、_旧金山_城市_线_框图_明亮_的_小_缝隙_：_不知_为什么_都_比_一周_前_更_白_、_更亮_。,2.4,1.26,0,0,0,0
10,10,10,CREATIVE,P14_P1,en,zh,P,1,P14,4,1399097,163306,1350925,38164,10008,21,34996,13176,13,31268,16904,8,28355,19817,6,14073,34099,2,6,0,0,0,0,0,0,0,0,104,113,104,113,0,0,0,0,8,50,10,20,0,---,不同_的_降落_角度_，_玛莉卡_茫然_地_胡思乱想_。,2.49,1.36,0,0,0,0
11,11,11,CREATIVE,P14_P1,en,zh,P,1,P14,2,5200,5200,762,2838,1600,5,2108,2330,3,0,4438,0,0,4438,0,0,4438,0,1,0,0,0,0,0,0,0,0,22,15,22,15,0,0,0,0,5,20,4,8,0,---,灯光_的_小把戏_。,2.1,1.07,0,0,0,0
12,12,12,CREATIVE,P14_P1,en,zh,P,1,P14,3,85327,85327,51322,31677,2328,7,30467,3538,4,28564,5441,1,28564,5441,1,28564,5441,1,3,0,0,0,0,0,0,0,0,26,27,26,27,0,0,0,0,4,25,5,9,0,---,街头_艺术_的_布置_。,1.39,0.97,0,0,0,0
13,13,13,CREATIVE,P14_P1,en,zh,P,1,P14,5,446122,446122,296326,141417,8379,26,137902,11894,17,133937,15859,11,132095,17701,10,123036,26760,7,10,0,0,0,0,0,0,0,0,110,104,110,104,0,0,0,0,29,138,26,46,0,---,甚至_当_ANA008_撞_到_地面_使_其_自身_停_了_下来_，_然后_就_停留_在_跑道_的_尽头_，_玛莉卡_也_只是_耸了耸肩_。,2.71,1.45,0,0,0,0
14,14,14,CREATIVE,P14_P1,en,zh,P,1,P14,3,229923,229923,48327,178256,3340,9,177482,4114,7,175455,6141,4,173506,8090,3,171215,10381,2,7,0,0,0,0,0,0,0,0,33,34,33,34,0,0,0,0,8,44,9,14,0,---,可能_有_其他_飞机_堵_在_停机_口_。,2.35,1.32,0,0,0,0
15,15,15,CREATIVE,P14_P1,en,zh,P,1,P14,4,543022,75606,508222,26825,7975,15,24446,10354,9,22658,12142,6,19422,15378,3,16839,17961,2,6,0,0,0,0,0,0,0,0,92,86,92,86,0,0,0,0,9,40,10,16,0,---,你_会_认为_即将_有_广播_通知_这件_事_。,2.83,1.84,0,0,0,0
1,1,16,CREATIVE,P14_T3,en,zh,T,3,P14,2,98696,98696,92409,4402,1885,6,3510,2777,4,1718,4569,1,0,6287,0,0,6287,0,2,0,0,0,0,0,0,0,0,21,27,21,27,0,0,0,0,2,11,1,2,0,---,上校,0.39,0.39,0,1,2,1.5
2,2,17,CREATIVE,P14_T3,en,zh,T,3,P14,4,129843754,129504,129356650,481145,5959,20,477956,9148,12,476646,10458,10,470459,16645,6,459718,27386,3,5,0,0,0,0,0,0,0,0,85,73,85,73,0,0,0,0,15,77,11,19,0,---,旗帜_升起_时_，_叛乱者_已_从_东方_渐渐_逼近_。,1.97,1.19,0,3.13,5.45,4.29
3,3,18,CREATIVE,P14_T3,en,zh,T,3,P14,3,148620,148620,9924,116469,22227,73,104742,33954,44,87991,50705,20,76282,62414,12,50346,88350,3,17,0,0,0,0,0,0,0,0,288,283,288,283,0,0,0,0,39,208,38,58,0,---,上校_处理_了_情报_，_找到_了_有利_位置_，_把_最近_的_网络_专家_叫醒_并_让_她_坐在_了_电脑前_—_—_待_他_重回_战局_时_，_他们_已_被_一片_混沌_包围_了_。,2.2,1.42,0,10.56,6.71,8.64
4,4,19,CREATIVE,P14_T3,en,zh,T,3,P14,2,16435,16435,13021,2087,1327,5,1067,2347,2,0,3414,0,0,3414,0,0,3414,0,2,0,0,0,0,0,0,0,0,18,17,18,17,0,0,0,0,18,103,28,45,0,---,雨林_挡住_了_他们_看清_基线_的_视线_，_不过_上校_“_借来_的_眼睛_”_能够_很_好_地_看清_对_红外_辐射_敏感_的_东西_。,2.43,1.66,0,3.28,2.11,2.69
5,5,20,CREATIVE,P14_T3,en,zh,T,3,P14,4,1506882,297318,1341906,148408,16568,60,140440,24536,40,127936,37040,23,111860,53116,11,86135,78841,4,6,0,0,0,0,0,0,0,0,194,193,194,193,0,0,0,0,18,101,24,36,0,---,从_远处_，_他_的_视线_穿过_贫瘠_的_树冠_，_追踪_着_每_一个_模糊_的_、_不断_出现_的_热_纹路_。,2.33,1.31,0,4.5,3.67,4.08
6,6,21,CREATIVE,P14_T3,en,zh,T,3,P14,3,154531,154531,37407,104496,12628,43,98992,18132,28,90431,26693,16,83766,33358,11,65842,51282,5,8,0,0,0,0,0,0,0,0,179,183,179,183,0,0,0,0,29,139,22,42,0,---,屠戮_厄瓜多尔_野生动物_的_仅_有_的_好处_之一_就是_：_这些_天错_把_游击队员_当成_美洲豹_的_几率_不_大_。,2.29,1.32,0,3.72,5.95,4.84
7,7,22,CREATIVE,P14_T3,en,zh,T,3,P14,6,1942706,32095,1914795,21211,6700,15,18678,9233,9,14670,13241,3,13403,14508,2,13403,14508,2,8,0,0,0,0,0,0,0,0,61,60,61,60,0,0,0,0,17,86,19,29,0,---,“_我_发现_了_十三个_。_”_中尉_边_说_边_记录_下_了_显示器_上_的_伪色点_。,1.98,0.83,0,3.53,2.37,2.95
8,8,23,CREATIVE,P14_T3,en,zh,T,3,P14,9,217805,217805,158638,45558,13609,33,38434,20733,15,32925,26242,7,30644,28523,5,18031,41136,1,14,0,0,0,0,0,0,0,0,150,149,150,149,0,0,0,0,15,59,16,27,0,---,在_被伐光_树木_地_森林_空地_中央_，_杂乱_地_停放_着_坦克_和_炮塔_。,2.91,1.8,0,9.07,7.19,8.13
9,9,24,CREATIVE,P14_T3,en,zh,T,3,P14,8,1486205,879303,312423,1150144,23638,118,1137286,36496,85,1116569,57213,55,1088085,85697,35,1037693,136089,20,11,0,0,0,0,0,0,0,0,333,298,333,298,0,0,0,0,26,137,23,37,0,---,一根_分布_着_成_对_升力_面_的_巨大_脐带_沿着_它_本身_的_方向_，_从_泵站_中心_缓缓_垂入_天空_。,2.44,1.27,0,2.65,3.26,2.96
10,10,25,CREATIVE,P14_T3,en,zh,T,3,P14,4,707743,707743,113997,557248,36498,147,540268,53478,104,510964,82782,60,478374,115372,36,417705,176041,16,17,0,0,0,0,0,0,0,0,459,397,459,397,0,0,0,0,29,170,37,63,0,---,向西_纵深_八_千米_—_—_直直地_再_延伸_二十_千米_—_—_浮升_器像_一只_硕大_而_肿胀_的_蜱_虫_，_在_这条_延伸线_的_尽头_翻滚_着_，_不断_向_平流层_喷射出_硫酸盐_。,2.47,1.38,0,4.62,4.92,4.77
11,11,26,CREATIVE,P14_T3,en,zh,T,3,P14,4,1301057,515738,349613,932102,19342,67,920998,30446,40,909420,42024,23,896565,54879,14,889614,61830,12,13,0,0,0,0,0,0,0,0,253,252,253,252,0,0,0,0,33,161,32,52,0,---,显然_在_这些_混合物_的_周围_有_一圈_围墙_，_是_带刺_的_老式_网_栅栏_，_与其说_它_是_屏障_，_不如说_它_勾起_了_对_简单_时光_的_怀念_。,2.64,1.47,0,3.85,3.84,3.85
